video_name,valgus_min,valgus_max,valgus_variation,torso_lateral_peak,symmetry_mean,heel_wobble,heel_instability,toe_instability,knee_cave_frames,knee_cave_frac,knee_asym_mean,knee_asym_std,ankle_width_mean,ankle_width_std,hip_shift_max,hip_shift_std,sho_hip_offset_mean,sho_hip_offset_max
10,1.5535411009446247,2.4155009702507617,0.1703612063257392,3.5894775390625,1.696682133459651,0.5956693139086966,0.2984790703299709,0.6880846092316596,0.0,0.0,-0.8395047225741045,0.0236655480646599,37.58638593885634,0.6607827196136822,3.5665512084960938,1.0517058586506856,2.1255885230170355,3.5894775390625
11,1.5760477984160544,1.8185000409514596,0.0748455291831086,3.784046173095703,1.7003818623956166,0.5343797933408941,0.3502116425321191,0.3716702653390183,0.0,0.0,-0.8238643348411311,0.0135711091874753,37.46848000420464,0.3135328548387258,1.2812423706054688,0.3937969419364875,3.0000140931871204,3.784046173095703
12,0.8164724158919703,1.935972218967117,0.164012774630284,3.9241981506347656,1.6879173738004176,5.2011215932935295,0.5337647905528076,0.318797978445264,0.0,0.0,-0.8383221516547933,0.1153915518866975,36.07509083218045,6.115991524692426,2.787704467773437,0.781589337533838,2.542437977261013,3.9241981506347656
13,1.6709546240917952,151.93572636493255,25.276173206134384,3.328981399536133,4.412814433942184,5.717267941032939,0.7831556767383029,0.9710071533841352,0.0,0.0,-0.9089429962450511,0.2510834566746386,28.152317470974392,6.443744236975659,2.48896598815918,0.7157725632076651,1.5711622767978244,3.328981399536133
14,1.6180667064679557,2.367336308105568,0.2044105868460019,3.525934219360352,1.6876151392335528,1.5825174744111197,0.5128277864894224,0.4220473832505838,0.0,0.0,-0.9564238968226824,0.0629654311518807,30.51875326368544,1.1061151117814565,1.1229896545410156,0.2909980657330379,2.733158270517985,3.525934219360352
16,1.811113304345628,2.053963038788724,0.0631378480905738,1.6097068786621094,1.3843282007165374,0.9292082124938524,0.2585848509839417,0.4756445915050638,0.0,0.0,-1.0801818814622033,0.0200653920003197,41.7125129699707,0.3969055586174486,1.792888641357422,0.3839061841555415,0.6009684668646919,1.6097068786621094
17,1.812302106879526,2.0073015999121555,0.0619687078712631,1.381072998046875,1.3842443938922149,0.636254796052105,0.22950773381411,0.459726789660771,0.0,0.0,-1.0770173372372804,0.0201929297342971,41.52324994405111,0.3202679707328064,0.9611320495605468,0.2170382482783126,0.6452258427937826,1.381072998046875
19,1.7776515605967829,2.001359935756946,0.0502874819554247,1.7379188537597656,1.424676591892066,0.894610141439975,0.4394569145918072,0.6921710363608573,0.0,0.0,-1.0680188809796798,0.0290005351068778,41.88361061943902,0.4144191148405617,2.3435592651367188,0.6065975449090364,0.7199176152547201,1.7379188537597656
20,1.5762383324122191,1.6467938180233204,0.0173480941503584,2.485065460205078,1.5318054096344091,0.3149832305128857,0.4741926275957034,0.2148831301657127,0.0,0.0,-0.9913490075600476,0.0169712078972512,32.661780251397026,0.2360887626231077,1.1085700988769531,0.2827379421654808,2.176788647969564,2.485065460205078
25,1.0335469988062258,1.6238866024939655,0.1413906959617298,1.2105846405029297,1.5153815750815178,1.002600623269747,1.6386282511644552,1.0703575312487514,0.0,0.0,-0.9139411916895376,0.1854546045382961,27.908050219217937,1.380179641720337,1.819047927856445,0.4060695244592947,0.5844222174750434,1.2105846405029297
26,1.1557935441882077,1.638923065910168,0.1538368216740587,1.899003982543945,1.464944279525463,1.1358621359196044,1.941675044219772,0.6931110247439525,0.0,0.0,-1.002493263614344,0.1547892447322837,28.616956604851616,3.542004766081725,1.0776996612548828,0.2996702794279292,0.8808681699964735,1.899003982543945
27,1.1905531224143624,1.4987877045172413,0.0979878550431626,1.547651290893555,1.459108524531031,0.9609938158896488,1.2249092793373269,0.6223836768576716,0.0,0.0,-0.9310983381526174,0.1128822245892937,30.309265984429253,1.8745699131183355,1.9705486297607424,0.6390362571459511,0.7452397876315646,1.547651290893555
28,2.005961005458342,2.3537545298221576,0.0926997904886841,1.596078872680664,1.3280649437625252,0.6361854365333507,0.4281307457858379,0.1479580560157559,0.0,0.0,-1.5842424590302215,0.088394609825528,39.35586346520318,0.4362835557608899,0.7331943511962891,0.2579134019252904,0.7960157924228244,1.596078872680664
29,1.9783529204156252,2.267078068777954,0.0793341993053112,2.4129581451416016,1.3366055583468484,0.7346918810456358,0.4007053176143898,0.794230791036584,0.0,0.0,-1.465813079755283,0.04944202640116,39.35773107740614,0.5615146940906144,3.61246109008789,1.0335720262767474,1.4126653141445584,2.4129581451416016
30,2.067205914806717,2.3668614077652794,0.0985671135941395,1.6327667236328125,1.3407890459830198,0.4739657764483542,0.2806475707498685,0.4958832668965277,0.0,0.0,-1.5488871731447809,0.0612628228427481,39.61572011311849,0.2896354770042448,1.943321228027344,0.6159489482832055,0.7727053430345323,1.6327667236328125
31,1.7599228687887538,1.8994452654446103,0.0361899112935973,2.7298450469970703,1.419313869065592,0.8835583926333114,0.3979549384743786,0.2912886304778729,0.0,0.0,-1.3282368848253456,0.0463901267382423,37.218921449449326,0.2279558066694091,1.521453857421875,0.5204186067986744,1.8569185998704696,2.7298450469970703
33,1.680666904000103,1.904819226528164,0.0661075844038953,5.642299652099609,1.4472716517626747,0.3462027169209127,0.1192583686801238,0.7286457517783518,0.0,0.0,-1.2800059488820097,0.061075180871634,37.1081919140286,0.2036298075853498,2.3137283325195312,0.7810291298358054,4.14453321033054,5.642299652099609
39,1.3795270913723732,1.897261394640773,0.1675252985987658,1.446514129638672,1.5731030719144456,0.6250725811238752,0.6365496926257556,0.9183401056384654,0.0,0.0,-0.8773574847555765,0.039439597378501,34.42549016740587,0.3688176516863168,4.291982650756836,1.219066770201852,0.7229704327053494,1.446514129638672
40,1.905647860314035,2.422900900204769,0.1375184883425023,1.7084121704101562,1.5418337645499895,0.313329770463874,0.4969627044747702,0.3039282029473595,0.0,0.0,-0.972070924570386,0.029265310744637,50.63455051845975,0.2762218554234499,3.0454063415527344,1.0152053898861362,0.92309660381741,1.7084121704101562
42,1.5786210388933506,2.1496984843734506,0.1551459402515968,1.041059494018555,1.4742603391273712,0.4445365778046891,0.3257475068819787,0.3358587246580378,0.0,0.0,-1.0606016431382603,0.0551012545242372,37.55105336507162,0.313356184215171,3.806915283203125,1.1352826484735772,0.3404720624287923,1.041059494018555
44,1.5467370258203983,2.142238111161746,0.1698125401424843,2.170114517211914,1.4981127932101812,1.106801456986758,0.4567566123621969,0.5423263994872354,0.0,0.0,-1.0452634897401187,0.0661009902663997,36.97726673550076,0.4572074326985567,3.786439895629883,0.9619557783060224,0.8064349492390951,2.170114517211914
45,1.5617250479901648,2.3264387081848565,0.1899468159315943,1.0088443756103516,1.4897967935824328,0.728719499906901,0.2403372922380241,0.6477533638172828,0.0,0.0,-1.0660224909022,0.055390343964793,37.18379815419515,0.5279234340892444,3.140859603881836,0.8777484366145898,0.3497645590040419,1.0088443756103516
49,2.252483534265917,2.614718220642989,0.0985008580266329,1.7865371704101562,1.585087213937297,1.190194764205163,0.5500962960689779,0.7016012609795322,0.0,0.0,-1.2189418439664486,0.0380904729907091,38.22992112901476,0.3395119902201271,2.696552276611328,0.8411429658682673,0.9452968173556856,1.7865371704101562
53,1.4798531750146235,1.8261993588394976,0.0919815752871681,1.6524028778076172,1.4084528530047846,0.7148029419927093,1.087933636008101,0.5118211432534822,0.0,0.0,-1.0539313040652845,0.0568613267636321,33.27561484442817,0.6214571448000271,1.1186599731445312,0.3896063190125876,0.8001017570495605,1.6524028778076172
54,1.46652063990696,2.0041094819027583,0.1387927650826709,1.3370418548583984,1.5102589613572588,0.5082272686429805,0.9248499962540336,0.4991213202582789,0.0,0.0,-1.0766457981933286,0.063972714286073,33.78593603769938,0.4223461721877666,1.6261482238769531,0.3774386231717903,0.7559651798672147,1.3370418548583984
55,1.005165860574224,1.4701083780580235,0.1399655254135373,1.6482830047607422,1.7513451671301017,1.2635438571269644,0.610877900036879,1.359623331047236,0.0,0.0,-1.1110428771763403,0.165103724916763,20.64829031626384,1.798990387856803,0.945415496826172,0.2785162446796129,1.1476172341240778,1.6482830047607422
56,1.1989019477452143,1.488484999618928,0.0683057426436297,1.2496662139892578,1.748516872923743,0.4034287522278421,0.6881876775076695,0.6039483428513189,0.0,0.0,-1.248239678031224,0.0964722093406478,19.953713946872288,0.7362950764001756,1.264753341674805,0.450182630099603,0.8157475789388021,1.2496662139892578
57,1.0897082665995983,1.4364137478827137,0.1103895157944349,1.3452434539794922,1.7191634789195014,1.2137580039259317,0.7917926942295676,1.0135027335135482,0.0,0.0,-1.0781043420694592,0.1576095171494868,21.795660124884712,1.6374519319724057,1.8569755554199217,0.4476229702943285,0.416470103793674,1.3452434539794922
58,1.8234558166584185,1.921902616653196,0.0257054969939441,1.7345809936523438,1.2946948653992845,1.250402281830759,0.2352434875042349,0.4325196796920897,0.0,0.0,-1.0002757787289047,0.0482195926931386,43.45098866356744,0.3670198596358976,0.9386539459228516,0.2598551793482456,0.6129135025872124,1.7345809936523438
59,1.76090566640761,2.0317793064360954,0.0760471600408084,0.8573627471923828,1.2921487535038554,1.036457103394713,0.9509787524411418,0.5099244540417198,0.0,0.0,-0.9934564526433808,0.0752208856702323,43.744522200690376,0.3198963047512292,0.6448650360107422,0.1480998780427888,0.434212154812283,0.8573627471923828
61,1.501172588100714,1.9359040235891816,0.1187207949587499,2.4375534057617188,1.477140350223941,1.4069195906731544,0.4960433282525547,0.4255931159770196,0.0,0.0,-0.8157551143251562,0.0270112668991565,40.225533379448784,0.6816006122651724,2.107982635498047,0.6657821906571595,1.1220563782585993,2.4375534057617188
63,1.5484294041620583,1.8539263390646892,0.0809688829767268,1.045370101928711,1.407098580960252,0.8102912018250354,0.4122292331962859,0.3111759550598932,0.0,0.0,-0.9140930916070532,0.0350953197358951,40.49189567565918,0.5222496369145369,2.485904693603516,0.7574075325174877,0.5795105298360189,1.045370101928711
70,1.2860492767160228,1.632107595206782,0.0877253043994351,2.426910400390625,1.4800422351291798,0.8411509765746333,1.0449393186376668,0.954555142737764,0.0,0.0,-0.9478049300259012,0.0384003643137851,33.316171964009605,0.4813709845194724,1.5741348266601562,0.5385820212857485,1.7940346399943037,2.426910400390625
71,1.561301771392949,1.8407426110277536,0.0773349616515862,3.739032745361328,1.4685201631386735,0.7922083327012744,0.6746669310433268,0.592516409155072,0.0,0.0,-1.0103294618050649,0.0515063573127101,33.995583322313095,0.4850798763359122,2.043132781982422,0.5765584000077526,2.6059240765041776,3.739032745361328
72,1.6373701597289454,1.7539063582990042,0.0312936830002959,4.584779739379883,1.4138674934870157,0.4092161630024296,0.5730422206298309,1.036426395551143,0.0,0.0,-1.0255325609132335,0.0439011152354616,33.91099399990506,0.6386093816992259,2.763633728027344,0.9238063328073034,3.544502788119846,4.584779739379883
73,0.8729264300555913,1.1163042722534966,0.0836559084211595,2.3700523376464844,1.6113179346555575,2.000341520475798,0.8814486460321869,2.094340213309061,0.0,0.0,-0.8133485967337071,0.0762227838933385,23.2240629196167,1.2967095164081897,1.872243881225586,0.5207333480597204,1.508851581149631,2.3700523376464844
74,0.9991464500330408,1.2258029494651974,0.0558169290672789,3.0991077423095703,1.614787549461587,1.2009564343721424,0.6707069671827746,1.3262162981357528,0.0,0.0,-0.9050981930236888,0.0538968894474461,22.72164397769504,1.7102838370937814,1.355609893798828,0.4107329281266055,2.031540870666504,3.0991077423095703
75,0.9230879879158737,1.8609497549374296,0.2100919014925676,3.698415756225586,1.648018594093094,1.6438971938100924,0.7176315515962988,2.238731803027623,0.0,0.0,-0.943643870583806,0.1364163732644825,22.706545723809132,1.1329229685073778,2.250804901123047,0.5850567283936966,2.6636073324415417,3.698415756225586
81,2.556996615080517,2.734349308213821,0.0587760478953149,0.6056022644042969,1.5013692574645112,0.6583300357476307,0.2029231054944142,0.7569494195312639,0.0,0.0,-1.6514152178961596,0.0298484190755125,35.2186393737793,0.4441429285226044,1.3962745666503906,0.3663832252532838,0.2502650684780544,0.6056022644042969
82,1.190673990924284,1.514568195419806,0.0794380354071186,2.863903045654297,1.4144964753950964,1.7344013634633202,0.8057799328035163,0.7944886754495756,0.0,0.0,-0.8669739085133128,0.0782178869256302,32.80677795410156,1.318262353664076,2.3367977142333984,0.7824152391403016,1.3237237930297852,2.863903045654297
83,1.197838301116105,1.5251521057808377,0.0813186807200561,1.623334884643555,1.4369776236794365,1.2887216676474431,0.4174297088553903,1.1259672041113258,0.0,0.0,-0.8350068905246733,0.0491625064227109,33.16737916734483,1.168041488761317,1.413421630859375,0.4943529488181655,0.8079282442728678,1.623334884643555
84,1.2056716107452805,1.520627549050939,0.0852947730230453,1.5417861938476562,1.4176580355040214,0.6388279958767533,0.5332544594812186,0.9733212561359202,0.0,0.0,-0.8350631671009644,0.0598712037621167,33.608787854512535,0.6092753194607995,1.5924835205078125,0.3390495344265644,0.8298503028021919,1.5417861938476562
85,0.9986744275074756,1.3397234746915343,0.1012669771870557,3.480663299560547,1.5794277854494774,0.4416631762199988,0.7501754340209206,0.7635095142140028,0.0,0.0,-0.9041623743151016,0.1053345192961992,25.58228333791097,0.9726136029758414,2.2285079956054688,0.5891085412523186,1.150195598602295,3.480663299560547
86,0.7261693457947476,1.3192189918999924,0.1517410656206963,2.6681995391845703,1.5934876519481769,0.5460451415118351,0.916948877375944,0.4065054189053355,0.0,0.0,-0.7618431089576791,0.1542872326382001,25.239650938245987,0.6201349022127823,2.304821014404297,0.6582604744477567,1.225940121544732,2.6681995391845703
87,1.0521845483631416,1.3023408264219234,0.0800575123289838,4.38878059387207,1.5720048212920643,0.6910508424660808,0.7393302343320939,0.8086351874133857,0.0,0.0,-0.8859776854954948,0.0584644993695396,25.09424527486165,0.749208876549679,3.058948516845703,1.038582500566742,1.8703087170918784,4.38878059387207
94,2.4506395125381726,2.710373172195958,0.0698497431616069,3.990497589111328,1.5036422003279288,0.5226697106415484,0.3157645707575208,0.2369786042418849,0.0,0.0,-1.196659074656074,0.0492389658166564,44.32376331753201,0.3526036525977802,1.569986343383789,0.462898976383733,3.243086338043213,3.990497589111328
96,2.35515433307512,2.6786906694175423,0.0873945751097985,3.16279411315918,1.4673552072126796,0.3169978111686004,0.4334503634511406,0.2440026323672126,0.0,0.0,-1.1898754941021477,0.0563068151326081,44.32249599032932,0.321363072760403,1.254377365112305,0.4384257791479622,2.197598351372613,3.16279411315918
97,0.7294191014632985,6.615274495145981,0.7914008411049057,3.3855152130126958,1.828503784355224,5.2763006409119,0.4210864856109662,0.5447694413322476,0.0,0.0,-1.55350765235317,0.2718546515202189,36.83836354149712,5.762403203776946,3.1273651123046875,0.7372112722254542,2.437269687652588,3.3855152130126958
98,2.0721876651663327,7.899475409212935,0.9733799512556977,3.056812286376953,1.666318758237376,3.456586572363981,0.3092766418395951,0.3748331497897008,0.0,0.0,-1.4678670469779214,0.0912377036710688,37.47646119859483,2.3654055578383746,3.301239013671875,0.6846262940956136,2.18776437971327,3.056812286376953
99,1.907729600893516,2.7755581951521378,0.1991806272195949,3.598299026489258,1.526065320951563,1.4449925341568213,0.2948506963115549,0.4097463079312528,0.0,0.0,-1.2888440372832346,0.0147708075485992,38.24523607889811,0.5129863243985443,2.195396423339844,0.5565749678007657,2.964784039391412,3.598299026489258
100,1.111882886964813,49.0112555873841,7.946542917026788,2.8078651428222656,2.4726318336094497,6.636828523253808,2.055554794641305,2.4756668090782994,0.0,0.0,-1.337675323972762,0.3938097424100102,33.646651373969185,6.912005840906222,4.0826416015625,1.0903693811490227,1.2416871388753254,2.8078651428222656
102,1.5255361750682666,97.50801659401368,16.83336598713414,2.8783321380615234,3.096950713278681,6.242568711811765,1.373968833926057,1.931506578389932,0.0,0.0,-1.0606466213692294,0.2119537211714241,35.50140062967936,5.94773810902628,3.364896774291992,0.8424506138990148,1.3635492324829102,2.8783321380615234
103,1.1053574348373136,3.1534613175829223,0.3902774084603624,2.034597396850586,1.5526083974660776,1.6099963382745628,0.611488013654351,0.8552945698766226,0.0,0.0,-0.9337558120777258,0.098406402582031,26.403534147474502,1.6759416451480866,1.2642192840576172,0.3238083124066814,0.7985774676005045,2.034597396850586
104,1.2180298562019836,1.545968126690431,0.0747907219456029,2.0789146423339844,1.6074372189264046,0.7989839573883218,0.418790275792869,0.4869663939512673,0.0,0.0,-0.8932076196444417,0.0599530640892355,27.33420107099745,0.4733993421814449,3.796558380126953,0.9748601557664608,0.8517670631408691,2.0789146423339844
105,1.2545164881240916,1.8447965364567596,0.1449610698746333,1.5894126892089844,1.6846175145289697,0.6971494751761551,0.4642151084605116,0.6659926623521147,0.0,0.0,-0.9114877838925702,0.0548513737527934,27.137748930189343,0.3351085116307573,1.5716934204101562,0.4374407567373443,0.621998839908176,1.5894126892089844
107,1.65986528537231,2.1039943571351447,0.1477806601239238,1.5415668487548828,1.5867905952504922,1.199879387497258,0.3773169787966827,0.3925386245465446,0.0,0.0,-0.9462265388428526,0.0197862496536501,40.383055475023056,0.5339756595294823,2.2395801544189453,0.6682096782415738,0.5855891439649794,1.5415668487548828
117,1.6480486079503658,2.2964507203072286,0.1356969611642591,1.4197158813476562,1.6487399401712908,0.8348248047243765,0.4997899159907115,0.3532135714201081,0.0,0.0,-0.9981405968446292,0.0524722650171884,32.43365817599826,0.5529518840851289,1.6028213500976562,0.5437325624435037,0.6415528721279569,1.4197158813476562
124,2.102308558580961,2.280132462667304,0.0416484166531327,2.2314929962158203,1.4765476660351948,0.4970747861277932,0.2377007847398579,0.3708147000680304,0.0,0.0,-1.1579297572806404,0.0242157974295708,42.45834933386909,0.2440552058653112,0.6893634796142578,0.1608861481077371,1.9865600268046064,2.2314929962158203
125,2.021536224089124,2.267920595321577,0.0619118448886456,2.45112419128418,1.4739517721573707,0.4122373244800165,0.2111687739410101,0.4885579739084649,0.0,0.0,-1.1380687580227005,0.0342854404493141,42.36929893493652,0.4248873486092864,2.1408557891845703,0.7190706207952777,1.8286879857381184,2.45112419128418
126,2.0426244297888325,2.233456577080893,0.0620979363124914,2.9435348510742188,1.4755389912160457,0.178869627212758,0.1949177581586117,0.4096475315360174,0.0,0.0,-1.1370113756784272,0.0151148239051223,42.50758647918701,0.2436710042801423,1.9342613220214844,0.6747979616537443,2.006606525844998,2.9435348510742188
127,1.8445035722897667,2.472796831531585,0.1765579975367078,2.7344512939453125,1.5240353429857525,0.6626382105669635,0.5475219278162176,0.3275280742601575,0.0,0.0,-1.1300065794873118,0.072711565825273,41.935693952772354,0.7677596896191108,1.2066173553466797,0.318777892066974,2.3330344094170465,2.7344512939453125
128,2.1022791549211037,2.2947274500357127,0.0401647851338572,2.541027069091797,1.4917913625752943,0.5995408114720228,0.2444700638089911,0.2779934089656776,0.0,0.0,-1.1487419014979112,0.0234260295657711,42.9660071267022,0.2980138500797494,1.7224597930908203,0.5696235014446702,1.849836508433024,2.541027069091797
148,0.9560063394864904,1.1273789196839517,0.0435751698410642,1.6008758544921875,1.6224225260781653,0.5922897189507922,0.7952278381349321,0.696119982677221,0.0,0.0,-0.6907702655286013,0.0353003616353889,32.98636436462402,0.9268315287013644,2.496318817138672,0.804818575637616,0.7267387708028158,1.6008758544921875
149,1.0558851087227938,1.2154624628595778,0.0400580628093743,1.5146446228027344,1.634069759477878,0.3407003113626354,0.6785145962110637,0.7025301876376784,0.0,0.0,-0.7426278875284926,0.0243237875433987,33.83169386121962,0.4924593318912237,3.7484359741210938,1.1438350983830017,0.6318815549214681,1.5146446228027344
150,1.031167947689583,1.262385577961257,0.0725410317149527,1.470966339111328,1.6627882723506178,0.8292717625876292,0.7963607498916258,0.4638124964075555,0.0,0.0,-0.7316490386764031,0.0353403815549995,34.61395475599501,0.6056198408859049,1.0238075256347656,0.2651698592072952,0.6736670600043403,1.470966339111328
151,0.8714870243019011,1.006912085767744,0.0418574442485508,1.2495994567871094,1.7985148219226916,1.2757901316517142,0.6520262783159126,0.2520493787920237,0.0,0.0,-0.8272222365217096,0.0482039902750791,23.10360378689236,1.4490209324231509,1.5133953094482422,0.440122623136307,0.4504079288906521,1.2495994567871094
152,0.9215905852581768,1.0047387843297078,0.025104592393776,0.7966327667236328,1.823990878601232,1.0362151003260724,0.4491681650030012,0.2858047350655535,0.0,0.0,-0.8618791274460853,0.0243084503803828,23.431224293178985,1.156267382695504,1.159381866455078,0.4109873114280137,0.3011809455023871,0.7966327667236328
153,0.8761011842056272,1.022902056891673,0.05223898439731,1.586456298828125,1.8444328443793176,0.4711006270849835,0.5546935266692491,0.7116796804201805,0.0,0.0,-0.7415965429176805,0.0219494249467608,26.69064097934299,0.3861709431326527,1.0906696319580078,0.3098469636130371,0.9927474127875434,1.586456298828125
154,1.597684411208078,41.11444158362822,6.552528399578448,5.232677459716797,2.30497043608534,4.841644040408015,1.0891620814520817,1.4711373962688463,0.0,0.0,-1.419327620842178,0.2789936323435805,30.173723962571884,5.764345086699424,7.329959869384766,1.5883001000117365,1.4093568589952257,5.232677459716797
155,1.541130993263277,2.156620536553685,0.1172752467857663,2.008237838745117,1.4695745795373147,1.159225271922957,1.104051189070809,0.8145824253095059,0.0,0.0,-1.1696580412736222,0.0865501096124495,33.72130923800998,1.2462231121507523,5.71619987487793,1.3895436739494131,0.7997041278415256,2.008237838745117
156,1.629799898556877,2.8084892035902693,0.3014253037014553,1.1983108520507812,1.5645476917287702,4.418029953601755,0.8207281186833456,1.4461074305652797,0.0,0.0,-1.2847066028932632,0.1633267891336929,32.76416725582547,4.598702005434004,3.437538146972656,0.8280691894428134,0.4587793350219726,1.1983108520507812
157,0.4166364210447356,23.36065935745159,3.544292139110776,3.095283508300781,2.158967883341281,5.574728336201836,1.7252584853509552,1.2304274331249232,1.0,0.0277777770061728,-3.587644398813927,1.4347197432414105,19.117982122633197,7.389376860443146,8.77309799194336,1.7747724441880852,1.0027273495992024,3.095283508300781
158,0.8368823256125498,36.52255622117748,5.711936177865867,3.3428192138671875,2.8039485409100937,5.931031766743861,1.7420514163424798,2.2288685573394016,0.0,0.0,-1.6413609025394935,0.4748688961025968,25.10234620836046,8.581368442174028,4.494619369506836,1.1306339400086205,1.6871009932623968,3.3428192138671875
159,0.4235681928847968,54.18763848052079,9.486826360121954,2.5356674194335938,4.008710568971693,6.160568870458279,2.070547679580062,1.3261636880945686,1.0,0.0277777770061728,-1.6860833489367713,0.5888951733853561,25.635663668314617,6.324130340365994,5.656843185424805,1.3127401901045004,0.8921141094631619,2.5356674194335938
160,1.1494451343806582,1.6056781679082102,0.1409431245607074,2.189035415649414,1.4836421421944848,1.8691825157067052,0.9889088356668572,1.0428195406250995,0.0,0.0,-0.7365183878000826,0.1090900989677108,42.48889764149984,2.320185237331575,2.957582473754883,0.6628641164613204,0.8273707495795356,2.189035415649414
161,1.2431833202571123,1.7458788983290636,0.1437193040849698,1.736164093017578,1.6058825710835685,1.784983624287425,0.9310208987028388,0.835000543012612,0.0,0.0,-0.728740712787186,0.0772345680880845,43.12900755140517,1.7207822616159365,3.236923217773437,1.0997617964361128,1.0075463189019098,1.736164093017578
162,1.3328195726730945,2.380260958820162,0.2518035763918662,2.328767776489258,1.7068955881552414,1.389680398553909,0.8428119974244549,1.1764805602623154,0.0,0.0,-0.7205043689329469,0.0794130305752463,45.124918619791664,1.0784669666078506,2.5545310974121094,0.8314989162383004,0.9816866450839572,2.328767776489258
163,0.2214669298078985,1.2620502514812475,0.1711985378695932,3.524656295776367,1.869344402159766,4.462353301561662,1.4648095361244589,1.297059297258794,1.0,0.0277777770061728,-1.0953951333903114,0.2756201248119276,18.27216625213623,5.587512057724095,2.320117950439453,0.5305439948885705,2.1182123819986978,3.524656295776367
164,0.6924927736394302,6.422861147166839,1.0029584195719734,4.296226501464844,2.2906297119657864,4.817215942360127,1.976300671175775,1.8140523690475223,1.0,0.0277777770061728,-1.1143467876356368,0.3539812906802829,19.434912999471027,5.310136116626518,3.629217147827149,0.7947821455407956,2.5513031747606068,4.296226501464844
165,0.2603992786912975,7.59097759729919,1.3336354463936633,3.9715576171875,3.805010093203534,4.919226610105928,1.8894085212878395,2.195610604052308,4.0,0.1111111080246914,-1.4138621266013025,0.6249138058853498,15.737157927619087,6.416375162924024,2.3520278930664062,0.4482874725278032,2.0873634020487466,3.9715576171875
172,1.9364654159193293,2.365209357352114,0.120709072019887,1.7292404174804688,1.6632487513512462,1.1329958912517772,0.2754726007944371,0.7876612698367759,0.0,0.0,-1.0179481113192663,0.0292725525456878,39.44928116268582,0.5224274470626762,2.312459945678711,0.5889983081754325,0.5620137850443522,1.7292404174804688
173,1.9236267023048017,3.590333969244643,0.2761421503409695,2.798614501953125,1.6503872605704402,2.498127203215696,0.2251550049921591,0.7530393775183702,0.0,0.0,-1.0549185492110096,0.1060728098795108,36.29728847079807,2.9978001993511163,1.8306922912597656,0.4888889928724336,1.1577542622884114,2.798614501953125
174,1.8535190852884256,2.3331662679849123,0.1758444610392928,2.1079349517822266,1.5121843720327586,0.612256204127361,0.1885765776569923,0.7580515648208235,0.0,0.0,-1.0306418523993537,0.0255998604276635,39.49147277408176,0.5641156839029408,2.5214672088623047,0.7953282436328155,1.1432364251878526,2.1079349517822266
175,1.2913870944279264,1.8871351419014928,0.1586905070354349,2.932920455932617,1.6407723701197217,1.8511320604895587,0.6955708586265681,1.5812149751799514,0.0,0.0,-1.0606620581578214,0.0924106880502266,25.144013828701443,2.07932060458188,2.3470592498779297,0.7209579014924898,1.374983787536621,2.932920455932617
176,1.5634488316186566,1.9561651490074976,0.1074413345810792,1.381940841674805,1.6889382164071851,1.0430126584684631,0.5070801260529111,1.0896367347534124,0.0,0.0,-1.1233598008318495,0.0509058233171945,25.627895991007488,1.2296903606055627,1.88776969909668,0.519353741944086,0.5449544058905708,1.381940841674805
177,1.6974537051251362,8.562438283307351,1.7536762963969292,2.141685485839844,2.391613380210557,4.992938090069024,0.2997290683060705,0.5819826986762944,0.0,0.0,-1.257750309317871,0.3266449697528144,20.36335521274143,6.496302838345624,2.5148582458496094,0.6381073888276597,0.981978310479058,2.141685485839844
178,0.9874541570956789,7.24240918247843,0.9876992422307952,3.5831451416015625,2.1591326127551183,7.160124089837269,0.3563269713012977,1.605086286456722,0.0,0.0,-1.4860766397495266,0.4048695188231285,33.920327292548286,7.284431646105373,2.605113983154297,0.6444425425142809,2.659484280480279,3.5831451416015625
179,0.3197648510494003,55.291199469599896,9.017352273375858,2.86250114440918,4.70447406821469,9.608498381214275,1.6188970411628474,2.153852147019888,2.0,0.0555555540123457,-2.589504134523438,1.0330518689518264,32.06605328453912,11.56815348709086,1.863336563110352,0.451013258853063,1.679081916809082,2.86250114440918
180,0.4022732786090878,17.842145084018803,2.7764662783886385,7.068672180175781,6.803468602977696,8.536635529796186,0.7911280105013305,1.597400464100469,2.0,0.0555555540123457,-1.6157170109619907,0.7397388675986281,24.229420555962456,10.7446273482261,2.1405601501464844,0.6734355049211057,1.7276991738213434,7.068672180175781
181,1.500826701092036,2.5118887334996103,0.1980213462821885,2.826061248779297,1.660428780195075,1.4697324427800351,0.398679899121996,0.8198138792027304,0.0,0.0,-1.2139463472787326,0.0465055872002439,32.314111921522354,1.684136821728831,2.1259498596191406,0.5928914634299078,1.3988094859653049,2.826061248779297
182,0.5069382259162208,12.182469262147803,1.798375032388606,3.726778030395508,3.3128192616622094,6.22338251934693,0.6641053603339426,1.2178145833366627,1.0,0.0277777770061728,-1.6603832872571165,0.5147951216937829,28.922473589579266,8.413373540989092,1.9307327270507808,0.4310835638376539,1.0549147923787434,3.726778030395508
183,1.2232868218187396,4.980956774860293,0.8157392336298708,3.6759090423583984,2.018467751801909,6.546408578860805,0.6212370519482461,0.7948548738698137,0.0,0.0,-1.7121960057505876,0.4580368289663653,28.33462397257487,8.491362424869223,3.582029342651367,0.7857383148034679,1.2720346450805664,3.6759090423583984
184,1.279298590680748,1.6018640115801397,0.0959589912201439,3.0241870880126958,1.6774326128538126,0.4296481442450702,0.5877913344750899,1.4753498648041588,0.0,0.0,-1.1527998454423325,0.0838795668385918,44.31187205844455,0.1941374409503608,5.889692306518555,1.6718836087359292,0.9953978326585556,3.0241870880126958
185,1.80825152878696,2.5631720849598296,0.2412911592521354,2.402200698852539,1.6018212019712172,1.0192615556265052,0.7963817108181978,1.377243042967192,0.0,0.0,-1.07176710248081,0.1078555359655674,69.41181659698486,0.7643112229503968,5.577983856201172,1.970218647189444,1.0569013489617245,2.402200698852539
186,2.6140220040245272,3.202750185917019,0.1988623369410391,4.408779144287109,1.7253328758171125,0.6003821789007546,0.5317182927473189,0.503927822796486,0.0,0.0,-1.2259370755197438,0.095249913857938,65.9459564420912,0.9492384225363056,4.937667846679688,1.4959239966637985,2.4539491865370007,4.408779144287109
187,1.511983622078818,1.9794071895786955,0.1254498039765139,22.89794921875,1.278204973460431,0.939653742278375,0.2484298888870708,0.7793869234783637,0.0,0.0,-1.017500779304558,0.0564790207129947,53.00231085883247,0.6313639810332443,7.006969451904297,1.7324409459424626,19.26379521687825,22.89794921875
188,2.25670708841178,2.659598355033889,0.1406535341471483,14.022369384765623,1.5935423762499032,5.640909644899312,6.898154846110402,6.780057398184946,0.0,0.0,-1.1680143241308143,0.0789780277619281,116.12520853678386,4.749503229342044,7.144365310668945,2.09334268050868,7.420253488752577,14.022369384765623
189,2.2143879716802317,3.0507803735711096,0.2654844654769113,6.7120361328125,1.4988273863448205,1.5690332032047725,0.8754372611890494,1.011514225489959,0.0,0.0,-1.241103810087497,0.127216285899597,95.7105901506212,0.9618803914771128,4.767875671386719,1.7757457993960477,2.1472308370802136,6.7120361328125
190,1.936419737533398,6.150083890480169,1.1112210765796775,16.968297958374023,1.4380383186711936,2.8405242190347826,2.14419265768216,1.045888444332332,0.0,0.0,-1.1896723366924848,0.175704695370627,50.84165629218607,2.541882670551459,11.82316780090332,2.6875241345741183,11.534031980177936,16.968297958374023
191,2.435645025333708,2.8812070124677285,0.1451832969071149,4.950437545776367,1.5979581616527012,0.3281748641707081,0.4440311347260861,1.5685285448888808,0.0,0.0,-1.3307474565755375,0.0714874667758922,82.09284517500136,1.2793468362430538,8.902950286865234,3.068519521438304,2.732530699835883,4.950437545776367
192,2.429514985738436,3.094028799353945,0.1726880360404283,2.8839874267578125,1.6206834684643276,0.7313722874990026,0.4111691237954566,1.0801678675321436,0.0,0.0,-1.28114131935668,0.0414960501636058,64.38021924760606,1.1017810536256494,4.174785614013672,1.2324205811906976,1.5346431732177734,2.8839874267578125
193,2.7476728862721136,3.022252427730597,0.0883741892759054,2.897014617919922,1.502699821340031,1.4070905124373585,0.4161696505973883,0.947279782008478,0.0,0.0,-1.197727141977438,0.0157275395823171,106.31686157650418,1.3434885252897175,6.551971435546875,2.2975284769351605,1.5128337012396915,2.897014617919922
194,0.2559252330469822,4.427348738448496,0.94551633468224,18.277912139892575,1.4640599772948706,11.83209627246532,1.3925589747277856,1.772284061927705,1.0,0.0277777770061728,-1.3996901813492817,0.5794122562449872,52.38914807637533,14.98464661488368,7.415904998779297,1.9202316034484808,11.264740096198189,18.277912139892575
195,1.58551666798826,2.409774033300227,0.2519692107202232,15.431404113769531,1.6240818385878666,18.49207680848226,4.111462663218252,11.5400383185507,0.0,0.0,-1.091142553352668,0.1234292470055656,53.17789289686415,2.172160953337627,223.1955909729004,96.83321502211712,10.11275503370497,15.431404113769531
196,0.3350151873381043,1.025991042922809,0.1353261915324708,14.679107666015623,1.737431421723172,5.947318677372024,0.6216139445370928,2.0875462379481724,4.0,0.1111111080246914,0.7563318373304573,0.1766599885074786,28.54909261067708,7.114116050680923,27.53759384155273,9.784325081051472,7.449768384297688,14.679107666015623
197,1.2874685849369631,2.1377375551405824,0.2418509862619813,9.304437637329102,1.4040606784346965,4.76566982353469,1.2248598318261843,2.8734097194946133,0.0,0.0,-1.072411158261909,0.1538659742253185,45.72257359822592,5.998313125747112,4.446516036987305,1.3148547788034817,5.47370884153578,9.304437637329102
198,1.4890647420627985,2.743830070235134,0.4323843096987192,6.055278778076172,1.602641352060033,1.3807443367893513,0.5405389603654133,0.9107763796358136,0.0,0.0,-1.1321511076130584,0.2494642026476759,58.55802747938368,1.1311125587437614,1.99336051940918,0.6482772457168213,3.6770277553134494,6.055278778076172
199,0.8529194659571384,17.8344623216959,2.6033094526848157,9.69759464263916,1.925270219804413,50.17716397781256,3.289670326354373,5.322226234563567,0.0,0.0,-14.732739465697588,4.784485404887151,165.13543446858725,46.1613922077372,12.610340118408203,3.142940125922945,2.499240636825561,9.69759464263916
200,3.6681029750943375,4.480738242364558,0.1732772218491285,6.728534698486328,1.4277884430084753,3.0737736363821453,1.7320459519215354,3.5855253811336385,0.0,0.0,-1.754751096211096,0.0306629865109067,142.0492214626736,1.8153659227106835,15.589122772216797,4.1520982586278254,2.1107575628492565,6.728534698486328
201,1.8720463837975367,2.591994821219929,0.1923417639426284,24.479389190673828,1.664474078207443,6.417907937158509,1.1702531928678055,2.1718822431338336,0.0,0.0,-1.0581974151733544,0.106671826418914,77.21338801913791,2.534346781684452,14.875192642211914,4.822261601627498,17.757325967152912,24.479389190673828
202,2.222116893994174,2.6902681692689834,0.1428295639951173,4.281740188598633,1.5500880943340107,0.8952466740077696,0.8518425762236065,0.8239633700518114,0.0,0.0,-0.9481429277907024,0.0547001580597166,99.71028486887614,0.5533434496504565,4.844074249267578,1.0312715362857885,3.1467027134365506,4.281740188598633
203,2.1703175862793764,2.8123726322101272,0.1594772575173177,2.1072006225585938,1.4659201219526528,1.54426352312302,1.161048101340501,0.844019764129013,0.0,0.0,-0.9174149908668237,0.0423850365740031,99.88472567664252,1.2855383812007644,5.115261077880859,1.35287018420727,0.9302022722032336,2.1072006225585938
204,2.1681348091072943,2.665409945420463,0.1569246514513328,1.8146324157714844,1.4870625852703534,1.2191844534849907,1.069116605565492,1.0749018964506163,0.0,0.0,-0.962583208971477,0.055672543096034,96.9805277718438,0.6304845841251417,3.210420608520508,0.7224563828021007,0.6439836819966634,1.8146324157714844
205,0.0313584120184694,3.188202404863996,0.9361314927992016,73.08688163757324,2.098235895525853,44.67711047230526,4.644943861189673,9.212772771644666,2.0,0.1052631523545709,-1.6511791071469433,1.4138120776764669,46.17892754705328,54.861086509958646,155.79818487167358,44.57537577845472,54.54316511154175,73.08688163757324
206,3.4163328680257203,4.367022570667503,0.2562402211927042,7.733888626098633,1.6697293040844483,4.924001826467814,1.7593311426355414,3.5171773896714216,0.0,0.0,-1.9564653901737108,0.0596607567212016,127.16672473483617,4.263677449731528,9.848251342773438,3.153403209055161,6.501606040530735,7.733888626098633
207,2.480373391377499,2.947347198619844,0.1311362845222622,8.334169387817383,1.6661746777462736,3.707909988545607,2.600054471227541,3.317356316430845,0.0,0.0,-1.3131306921171313,0.0534666542989,87.12168640560574,1.0055782853319106,2.9029369354248047,0.8009909600983443,6.875711811913384,8.334169387817383
208,1.6895148456544318,2.8008564035317134,0.2611005800263088,10.849723815917969,1.7188346254773057,4.665999631178253,1.7619676320247106,4.18959475123078,0.0,0.0,-0.9736845669276496,0.1244319816190774,77.60867224799262,4.914856436083732,1.939735412597656,0.61359589021092,7.664894262949626,10.849723815917969
209,1.608028982717729,2.4041636077838606,0.2281241638738961,12.128162384033203,1.599363902664608,1.845310859809605,1.1291093739144131,1.43509009824403,0.0,0.0,-1.166162675237046,0.1483993655740773,70.87200270758734,2.2733392264873085,10.207319259643556,2.7515412693079506,6.962381733788384,12.128162384033203
210,2.008454111294816,2.588137745865707,0.1904861844027796,12.297649383544922,1.4464313006876997,1.159728443458783,1.812505866306978,1.8091871696210664,0.0,0.0,-1.3117692767637728,0.1311947972010909,69.02063210805257,1.2874749898615196,4.79762077331543,1.3726242630476164,8.933491706848145,12.297649383544922
211,1.6262667994050677,3.2257315062492875,0.3860176194451309,38.53631019592285,1.1222271069534773,2.366066162403299,0.6958077774130343,0.7653548156546873,0.0,0.0,-0.7430235706880111,0.1167650617799269,55.35893334282769,1.3692788619173344,27.12104797363281,8.067461947424674,31.36490874820285,38.53631019592285
212,0.2322089271439823,2.988681530873904,0.8115794120769062,25.663108825683597,1.419242917368463,15.250137929446582,1.8532675832789087,2.616667143013116,7.0,0.19444443904321,-1.1038924453815655,0.5855650169626476,37.65479246775309,14.703541467587872,29.295473098754883,10.033941405427353,20.61573134528266,25.663108825683597
213,1.475626665453537,2.0637085106040103,0.172128584477868,34.92901802062988,1.3400794960092628,1.949937857634323,0.6530870995429565,1.8428630307341367,0.0,0.0,-0.96345959166227,0.0752102319562141,67.48787350124783,0.9355796817178011,21.008338928222656,6.623480263238922,27.375095950232613,34.92901802062988
214,1.961600634778298,2.8522864662888896,0.2381368650321061,22.95591354370117,1.5285140953708818,10.392540924863756,1.767485119379292,2.13431846098759,0.0,0.0,-1.2184445296694366,0.1637528056500359,77.45857238769531,5.569990679773447,7.806568145751953,2.476119394240361,18.68895795610216,22.95591354370117
215,1.3156547921593116,2.0015925274049517,0.1719720291703372,31.032962799072266,1.630115046214471,4.722266425372894,1.7468001444533254,1.5595259176260643,0.0,0.0,-1.338162293826641,0.1067323434689357,54.74770757887099,4.726162810878102,13.895673751831056,3.241733357293033,25.020852618747288,31.032962799072266
216,1.34486491553728,1.656843716870053,0.0751304681037545,38.80348205566406,1.5209027527777876,2.7650671713783908,2.365826646703651,1.9807645891162484,0.0,0.0,-1.2268838277513396,0.0621007505259819,46.00888676113553,4.173122380710872,28.435382843017575,7.055059257459714,30.470642513699,38.80348205566406
217,1.898799038449524,3.002603347994129,0.2852722502131926,31.71062469482422,1.4737595821082972,2.6897904463617337,1.6140115310443768,1.3379191195617606,0.0,0.0,-1.0393539435926968,0.0716789193481328,74.7046889199151,2.004056762344701,7.545938491821289,1.9262381728597988,26.69657998614841,31.71062469482422
218,1.2586456643608206,1.5318891446486984,0.0721253596030663,12.597484588623049,1.6764035107819706,3.6852039723331256,1.6368419243074437,1.016707226397503,0.0,0.0,-0.980906720046425,0.0690748798859675,54.74927107493082,3.6664975453571738,6.919727325439453,1.586639033536156,9.043717649247911,12.597484588623049
219,1.4195812613836332,1.8968066752921573,0.1555661412237907,26.961793899536133,1.397758099157475,1.444760121526694,1.200125030887358,0.9901310119395876,0.0,0.0,-1.1513520710493113,0.1158773873625801,62.28394243452284,1.8076608861723984,13.276119232177734,2.703162836707548,23.791488276587597,26.961793899536133
220,2.357485897086783,2.9930920511178645,0.171164519371975,28.00264358520508,1.4032144374558533,4.571013648746689,2.359345459020301,4.572651407535418,0.0,0.0,-1.227266631299443,0.0653981525153516,81.11364841461182,3.873549569002968,9.004135131835938,2.592154027388516,25.009955565134685,28.00264358520508
239,0.3669323264098443,7.51561435784943,1.0785396221980144,14.89304542541504,1.6758101297992132,10.100163343711133,1.2046271784904916,3.410644441146503,1.0,0.0277777770061728,-1.0840490341074565,0.3948304120804916,39.61774190266927,9.73905338441782,35.459327697753906,8.018118407039523,4.845592975616455,14.89304542541504
249,1.4592719295966758,1.959120458993862,0.129469513795477,22.218379974365234,1.525552345533313,0.5086105337965943,0.6874248026182682,0.8666959452727702,0.0,0.0,-1.0115567159543752,0.0302537716975817,54.06189441680908,0.8062491509704254,10.851173400878906,3.020386968079132,18.35004144244724,22.218379974365234
250,2.239892103394975,2.647466145071106,0.1307489959203771,8.376226425170898,1.5102754302950223,0.5237999327168669,0.898841387975503,1.0821421634281412,0.0,0.0,-1.2450565352494478,0.0892546878328297,61.83851930830214,1.1593793779210049,1.9751739501953125,0.4669614119369054,6.581214533911811,8.376226425170898
251,2.1532958169534098,2.693476748846038,0.1988570862848914,2.4643707275390625,1.5959415427623211,0.4594535241956715,0.3033781175694327,0.4897727683200914,0.0,0.0,-1.316270232285789,0.0877914990778368,72.03584459092882,0.296590717508551,2.2900867462158203,0.7655878644272499,1.6803680525885687,2.4643707275390625
255,1.5384659901710245,2.458846394869322,0.2105827678515383,11.653804779052734,1.6328615262829842,4.930019046953946,1.810029010462476,2.4554435270467545,0.0,0.0,-1.8815727144422143,0.1879195635248456,30.794777870178223,4.5124088300956,7.006616592407227,1.925042553813029,7.731876638200548,11.653804779052734
256,1.3964670976554352,1.607294579485327,0.0734017913781289,10.271005630493164,1.5345477081307588,23.28171115638032,8.240345002129365,16.430285781804642,0.0,0.0,-1.585515224372496,0.0933598306259335,72.74226597377232,0.4529667679500843,323.7191963195801,155.11226441895212,5.56581179300944,10.271005630493164
257,2.299723443109748,2.585520622732893,0.0789029893481103,14.164552688598633,1.7125622598402408,0.678711293606094,0.3970705725727058,0.4725187996781121,0.0,0.0,-2.1338342235119176,0.0692192894754923,65.53626908196344,0.748850636345559,3.090972900390625,0.941081082008491,9.654296769036186,14.164552688598633
258,2.313244027365633,2.540868829949116,0.0691618817979896,14.958925247192385,1.7028483773100245,1.6301085546486689,0.993298822697632,1.898588978204344,0.0,0.0,-2.112544487950601,0.0441542255875518,68.80238744947646,0.6931079142999429,10.726537704467772,3.318716055121961,12.47265100479126,14.958925247192385
259,2.0159688314564392,2.5374918868222767,0.1443539376414799,12.612829208374023,1.7125846190220138,0.6980096330397288,1.177244150786236,1.0796599517960124,0.0,0.0,-2.0654722422343115,0.0958461910760197,65.8727200826009,0.8999020413548378,3.130960464477539,1.102434116623299,6.49498807059394,12.612829208374023
260,2.414287087976402,2.5741581197460235,0.0424857698079099,18.413524627685547,1.6661702027338767,1.1413573467861848,0.8531598511258018,0.7403084752281598,0.0,0.0,-1.982130893664111,0.0256080484913598,75.45013427734375,0.673959477286221,4.930419921875,1.575522855423861,14.323479599422878,18.413524627685547
261,2.2357789503600225,2.549267880766309,0.0975981246628222,18.921823501586918,1.7037857769225668,1.000787902511287,0.4493102865242508,0.4791473179820169,0.0,0.0,-2.107858094070663,0.0251483253822794,64.7380092408922,0.5819991319136925,4.934005737304688,1.492845836170223,10.394073327382406,18.921823501586918
262,2.139082964979717,2.546671514307887,0.092329725013067,14.128637313842772,1.6895629068549818,1.1335983856985343,0.4719651859840362,0.6539673578860029,0.0,0.0,-2.0748126678433865,0.0613832451723808,66.25075658162434,0.6736884099995989,3.1803417205810547,0.9628071105629123,11.18089410993788,14.128637313842772
263,2.126414470047467,2.379973435326596,0.0713616112595874,8.62269401550293,1.6691320167781756,0.7191757682081968,0.4823601077184289,0.5473607655045215,0.0,0.0,-1.8533901832041209,0.0430946543057018,69.83802954355876,0.4196107794935326,2.5641632080078125,0.7737537384350209,4.98374064763387,8.62269401550293
264,1.520658182947609,3.3412439887116885,0.4833821619176339,19.8980712890625,1.4440837615325006,46.70491722861377,5.426362443028425,7.5132685348484385,0.0,0.0,0.9960599875322756,0.2428044954516744,95.68809700012208,40.01496345486686,95.05989074707033,29.25717720088575,7.5887236228356,19.8980712890625
265,2.076671535842204,2.431235020986587,0.0946125508899988,16.805810928344727,1.6405662445525997,0.4469241401891631,0.6554452131968123,1.0112166753834324,0.0,0.0,-1.9273053268268765,0.0636891547823973,67.45994196997748,0.4667609779871299,8.455705642700195,2.9660962427575064,13.723582956526014,16.805810928344727
266,2.2931111497235888,2.6584258245480803,0.1100747670064432,11.027355194091797,1.684374072916985,1.1759819943550245,0.5312884424752876,2.0578527866617478,0.0,0.0,-2.075941755760409,0.0614458921965912,69.31979338328044,1.073433165921931,6.825361251831055,1.972632107972592,7.913027869330512,11.027355194091797
267,2.5664061685907296,2.753957780058637,0.0428008878812356,20.76272964477539,1.7050143738953925,0.7752264261998741,0.4107428626517183,1.4453402035905136,0.0,0.0,-1.8864388926567692,0.0320305714161138,81.91358831193712,1.633388379118739,8.07413101196289,2.849472838508366,18.43320581648085,20.76272964477539
268,2.4703206778972704,2.856087390792601,0.0951498908188245,12.21303939819336,1.7144691520212687,0.6941893368544851,0.6990118635830636,1.1892594206608371,0.0,0.0,-2.0918850546607377,0.0495416769582391,74.27782641516791,1.0025454172466055,7.093353271484375,2.2766925973824503,7.244305610656738,12.21303939819336
269,2.6663379212381493,2.804519425117874,0.036360685293442,22.92351722717285,1.6278632174383576,1.4539455921205624,0.6672589020325006,1.5215239680839572,0.0,0.0,-1.7348506220328206,0.0169684271741442,101.8913263744778,0.5507587613145829,14.37708854675293,3.903937215815679,17.690568765004475,22.92351722717285
270,2.472250009127701,2.6777546634580616,0.0410761777734918,7.46129035949707,1.714751586390554,1.3290425290929873,1.3048216270250077,1.14503615371378,0.0,0.0,-1.9433336949326017,0.046628976103503,88.6470741695828,0.6823454066546898,12.679386138916016,3.611767544581747,3.748485247294108,7.46129035949707
271,1.461253614999949,8.657269810764147,1.0138042944123309,12.918729782104492,1.6552001233318134,17.500056835329843,3.769624632608013,11.423552104033492,0.0,0.0,-1.9059711995768656,0.5577976224271795,83.43965848286946,24.31149402887727,333.9204788208008,91.71496435314796,10.5823908911811,12.918729782104492
272,2.539434050121744,2.7391409775797264,0.057781196552563,13.03121566772461,1.7056288717962529,0.5219575535661075,0.355973024772297,0.6734647610044248,0.0,0.0,-1.950550280772385,0.0318402281162955,84.27997377183702,0.38125962280274,5.737009048461914,1.759257464183988,8.730120658874512,13.03121566772461
273,2.50623634069711,2.736513539144046,0.0639314793170974,21.85551643371582,1.676194499153291,2.3661617818595158,1.3470026325841342,1.2823265993463084,0.0,0.0,-1.8374702486844336,0.0533790911615453,98.49158022138808,0.9095226618361596,9.83586311340332,2.747152086953456,16.669476826985676,21.85551643371582
274,2.379302530460407,2.7757511208820502,0.1014032747811467,9.157838821411133,1.7611486571077173,1.0533032279538226,0.7642656143177138,0.949829529207034,0.0,0.0,-2.167869742809575,0.0836949485165502,77.21206135219998,0.8153916008289445,9.070844650268556,2.4830128993418894,4.025840494367811,9.157838821411133
275,2.563324221976941,2.860329163151891,0.0932646675360992,8.056144714355469,1.5980100704190272,0.2509389946249458,0.7261380896723324,0.4618406723514094,0.0,0.0,-1.9897387401406417,0.0162778058354536,84.67360178629558,0.5988354212522925,5.158605575561523,1.2336422957304127,4.962092240651448,8.056144714355469
276,0.5849717950664044,18.052518328613253,4.258086723614656,58.54287147521973,1.851723080330899,16.96162748625321,8.923404701075249,10.029257056026037,1.0,0.0277777770061728,-1.7128048967932927,0.9369743301600796,53.12087376912435,24.05701194243071,46.842384338378906,11.922775930617204,22.62658092710707,58.54287147521973
277,2.97547602680426,3.171251592102996,0.0426647524174922,21.374588012695312,1.6872326592754667,1.3045864303651038,0.7915382831047986,0.6032612017963946,0.0,0.0,-1.7000818644152822,0.0085888487950084,119.30840916103789,0.7826512905279508,13.033838272094728,3.964671513457588,17.921422322591145,21.374588012695312
278,1.048631318958547,38.57953164351078,8.214269201823452,4.145450592041016,2.544874570054217,2.2529775675479837,0.5038401554419544,0.7648547318513697,0.0,0.0,-1.303875853572888,0.4690888249428128,5.818685531616211,1.9613175664801508,11.823177337646484,3.2367244738472456,2.886041005452474,4.287624359130859
279,2.589163669023024,3.0024967391956974,0.1408931367462007,35.81878185272217,1.6341659897204746,1.3089859457809148,0.936531204550812,0.4427526545784512,0.0,0.0,-2.1222372055391925,0.0664329085058356,79.97212145063612,0.956685950316424,8.904104232788086,3.0939644343653683,30.43638163142734,35.81878185272217
280,0.1637847436607628,5.607465781545471,1.1740547312125114,14.067001342773438,1.831134443358624,20.15027841457287,3.318644378823793,3.9857897982803614,1.0,0.0555555524691359,-1.12960255297434,0.710326048528737,37.75737656487359,23.123115514188974,138.8053035736084,36.67607412582949,6.132363743252224,14.067001342773438
281,2.481396189058745,2.7797930410916467,0.0969847511161472,30.195565223693848,1.5470360848839455,2.1574315783186813,1.1063243784903476,0.606910377299876,0.0,0.0,-1.9570185491949768,0.041766911311078,85.88179217444525,0.6435798212291035,5.588274002075195,1.4576463659145162,23.609026538001167,30.195565223693848
282,3.2235488226821065,24.71277266828124,5.374406468142052,29.530467987060547,5.445328861303135,46.50869272058255,2.8790448144556717,5.586059285702078,0.0,0.0,0.6183331046161769,0.3485612001549972,77.12550481160481,40.60278670276772,98.67471694946288,35.26024671532691,9.656753540039062,29.530467987060547
283,2.2241141001516107,2.425379171936118,0.0625637133844626,9.791183471679688,1.6960005200735957,0.8033534108008582,1.4085904760910142,0.6620380283573613,0.0,0.0,-1.850604422908814,0.0214991954359255,80.90439213646783,0.655890695857782,6.206588745117188,1.7870145106003277,2.953109873665704,9.791183471679688
284,2.240280159438706,2.781056361008873,0.1813650569418492,12.837886810302734,1.6834002826047292,1.2042400192149798,0.5517581956041471,0.6058127079661462,0.0,0.0,-1.808875463629048,0.1328113966050481,85.31442430284288,1.8762959944347948,12.842350006103516,3.773863681502292,5.791987578074138,12.837886810302734
285,2.6896223330067266,3.1817623019627708,0.1622213979125087,16.981496810913086,1.7355072408128502,3.412404310672311,1.530278007364715,1.603985018277315,0.0,0.0,-1.963270722185476,0.1436200361757111,81.15564346313477,4.878716739962036,15.567941665649414,5.149896608794552,12.603540420532228,16.981496810913086
286,2.612102751275686,3.241696306624064,0.1631702346655488,23.327322006225582,1.679624638988727,3.940803235214108,1.140553453989788,2.536816824452895,0.0,0.0,-2.119939008792848,0.1741565322415422,83.38729010687933,6.375403752318949,23.1671142578125,8.167248318866326,18.17294756571452,23.327322006225582
287,1.0402304318554896,1.9277818503990083,0.2505563473047224,12.428903579711914,1.69760579668266,1.0482660851094252,1.2465449410443297,1.7866932037626766,0.0,0.0,-1.4932617381322582,0.2237934708778921,70.43046262529161,2.068116196914817,9.82192039489746,2.807570571880176,4.517772727542454,12.428903579711914
288,0.0992293747021567,4.669891398607551,1.1301940156023889,23.66174697875977,1.537694079255301,35.36618608213689,7.859609780558327,10.808180827821271,4.0,0.2222222098765439,1.3548878991922544,1.080110643731355,45.87091339959039,38.28217795219679,32.24921226501465,9.215252218402236,6.830215983920628,23.66174697875977
289,0.9539254179849166,1.7618185750985695,0.2753550566991602,8.071260452270508,1.515703671237524,16.392133373966047,4.392928957381963,11.748291552047627,0.0,0.0,-0.8528617727160646,0.1229752079998756,78.62013220787048,2.634940748281588,47.97778129577637,10.936746671951896,3.2891604774876644,14.79106903076172
290,2.38390102074566,2.49871606679776,0.0305832800263317,30.364131927490234,1.6340456899829212,1.6385682992860076,1.3982865354633172,0.6868735139073098,0.0,0.0,-2.022073928940617,0.0193805008905712,74.52310085296631,1.1720170329810968,7.377300262451172,2.026676911566859,27.114977439244587,30.364131927490234
291,0.7067343968378662,2.106778500721955,0.4329671055428521,8.326711654663086,1.758871392523884,1.3523197914265193,0.8927280966420141,2.1889994590701924,0.0,0.0,-1.4424113229091169,0.3694658841232313,70.98017480638292,2.278630766219528,4.644527435302734,1.296173477412042,4.200130568610297,8.326711654663086
292,2.516774172246548,2.7190721886231874,0.0610984573191875,16.99493408203125,1.6473666942124017,1.4599211822426468,1.262631653338229,2.0741519591956568,0.0,0.0,-1.8634851525401448,0.02734175838676,90.5644162495931,0.8140798358736557,18.17917823791504,5.846957803641482,14.167805777655708,16.99493408203125
293,0.8300901963513614,2.579891093007125,0.518260713418365,20.98373889923096,1.6686488247386595,1.0145523851981146,0.5257593806187986,1.1512335638588207,0.0,0.0,-1.6722667038405048,0.3763064959251963,71.20958964029948,2.3529436784007,11.202917098999023,4.195226661599179,16.285451783074272,20.98373889923096
294,2.304058338522658,2.568607619571372,0.089291286564825,25.5988883972168,1.6533764385897265,3.720860040947063,1.3009054464455665,1.1826587133602746,0.0,0.0,-1.6835492724575138,0.0667956132028676,91.90145916408964,4.267138575591294,25.469532012939453,8.178790118973518,22.527779473198784,25.5988883972168
295,2.337741092411848,3.0302445044059803,0.1853393808100791,22.609734535217285,1.6687170294608038,1.533842572390671,1.0637857818983394,1.6438220633633924,0.0,0.0,-1.7959026035547991,0.0943354928164895,101.9115898344252,1.6784018569913457,20.944175720214844,7.566417683346191,15.801068014568752,22.609734535217285
296,0.2061150291495724,4.020636730186454,0.9653182508116372,42.67460823059082,1.532551823814757,26.437535866145325,3.8799669166869393,10.812975131092433,4.0,0.1904761814058961,-1.8089210183073536,1.40129581753565,58.2289069039481,33.09361353857348,53.455562591552734,14.845231672045175,10.389345714024136,42.67460823059082
297,0.1365051018685283,6.141407514789922,1.6503938295034872,17.584362030029297,1.717847548376498,25.277172630707533,10.51748098997029,21.26915629391517,2.0,0.0909090867768596,-1.0587514350940532,0.5654529754670636,45.56582277471369,29.16855178338825,104.94410514831544,37.30337447946911,5.941631577231667,17.584362030029297
298,2.414754053284957,2.504942939780694,0.0270554773140579,16.41712188720703,1.5314449671753456,31.779208021648337,3.509963050564242,16.89072940401598,0.0,0.0,-1.8988712678180448,0.021693631984422,92.4695036146376,0.237807948851767,108.32686424255373,35.04203782920808,18.860322369469536,28.675613403320312
300,1.7246672578640163,2.498943579396208,0.2744672750845089,34.349966049194336,1.576574806917697,1.415727856695276,0.7670903086705271,1.238268779737514,0.0,0.0,-1.6689599005554183,0.193104746089336,85.9811528523763,1.213325423336311,18.849897384643555,6.771502953668197,27.15619908438789,34.349966049194336
301,0.4036523578764935,2.3474494831265864,0.6523409599223735,12.28271484375,1.6627426198728688,26.70329159356668,4.902080941630504,15.27445830652555,2.0,0.1428571326530619,-1.621610729377577,0.8388655931717294,62.92140415736607,27.97553674448433,109.90384101867676,35.548549266593994,8.806778324974907,24.66813087463379
302,2.068326078233446,2.2717998474667254,0.0629605887315908,27.620210647583008,1.613139709511736,26.27613259636921,5.3942740041648,14.40572841195085,0.0,0.0,-1.9313921016481663,0.0215402924809568,78.48583857218425,3.915107908349808,76.64495468139648,26.47617909512553,10.395700931549072,27.620210647583008
304,0.068285479621305,4.537227774917092,0.999742199140888,29.20984268188477,1.7752831979265131,32.2955141755152,4.522070394575177,16.495932929586516,8.0,0.2758620594530324,-1.495493330354266,1.4537687735934486,43.66192916343952,44.12671313690165,70.67024230957031,27.07722061502581,19.759927855597603,29.20984268188477
305,1.9805038909238908,2.6257141738458376,0.165575327971272,39.082298278808594,1.6657656678117048,1.3480877752788305,1.2357494247472862,1.494413622621566,0.0,0.0,-1.629612202733518,0.08054925277138,108.67380725012885,1.1292033338970342,17.011470794677734,4.806915988314559,33.99870051278008,39.082298278808594
306,1.0692248703681762,2.655238991265251,0.4456994735161232,19.069747924804688,1.7002769338018435,12.07142567547144,1.6431113672056383,4.199941415864982,0.0,0.0,-1.0770600054284447,0.2193783811465494,141.6127676433987,12.370105008943174,33.81376266479492,9.779286744608578,13.321104579501682,19.069747924804688
307,0.4454514978005437,2.320607145008588,0.514167933847328,11.526784896850586,1.4748895341496262,30.73081692598777,1.0544537395441442,7.176985296275052,3.0,0.1199999952000001,-0.7246796628246822,0.3990576019423894,57.36463851928711,33.859802478033416,35.06196975708008,10.706983139798718,3.713773727416992,11.526784896850586
308,2.0053312602449265,2.546409458510269,0.194049068275784,4.5206451416015625,1.7405922719672375,1.3622649912784202,1.022577029623557,1.0772445620951074,0.0,0.0,-1.738443484177993,0.0461186753007999,91.00239011976454,0.8585640191370838,8.826885223388672,2.593229244374521,1.860855685340033,4.5206451416015625
309,0.5985472041560875,21.368052948558017,4.897147999264851,10.80953598022461,1.999930356366872,28.6449502601918,5.034155392810964,15.711644462726165,1.0,0.0624999960937502,-1.4603315542688036,1.721179332697386,32.84443497657776,38.27780834465188,299.68947410583496,60.36929779219759,7.639381159906802,13.911876678466797
310,0.6741441431304438,2.1627144129765887,0.5425492707865741,10.926485061645508,1.7245533346743196,3.5128060513420816,1.3331326655474651,6.136375619070028,1.0,0.0277777770061728,-1.510576266901815,0.4998170412302925,85.60356299082439,8.64809141088771,23.2034969329834,3.861167249858397,6.66959630118476,10.926485061645508
311,1.6503358423693932,3.637353527518835,0.6051465232336372,7.777156829833984,1.149962402091297,24.97078241232807,3.884434623605257,12.497299096557123,0.0,0.0,1.3802918003409577,0.5133738022916746,79.23511981964111,24.217350123825945,55.17655372619629,14.706936767706678,3.298851648966471,7.777156829833984
312,2.184558028003716,2.723263702636869,0.2221981609439526,3.167400360107422,1.2409347778677922,43.243129020337015,2.034832472782034,8.61671867131311,0.0,0.0,1.112119271796229,0.1191496610990179,129.68437830607095,8.910392758048205,59.37499046325684,15.316822908557567,4.599073198106554,16.485233306884766
313,2.1503497607326127,2.751287509193653,0.2320420774141734,37.72462844848633,1.6753040669310857,1.3621695027591585,1.1154310084284274,1.2086938291635927,0.0,0.0,-1.974057572236108,0.1290459231660508,87.78677092658148,0.2280461137795092,23.77354621887207,9.653904206221013,29.512421554989285,37.72462844848633
314,2.609718970271947,2.9271852527203395,0.0838560418261181,17.83245086669922,1.7162267685783563,2.0262757989171605,1.5182446655819026,1.7962283622292556,0.0,0.0,-1.5584427247324828,0.037154916268592,127.70192199283176,2.120454134089327,20.49637794494629,5.658092101323674,11.437178452809652,17.83245086669922
315,2.3973322749856085,2.94265862422353,0.1345059919459584,43.552541732788086,1.76411208798954,2.6134784079499305,0.607322065916867,0.682389588998314,0.0,0.0,-1.6106633960217716,0.0332539287161371,123.58624511294894,3.194001067943476,7.349720001220703,2.074743969727786,41.55711995230781,43.552541732788086
316,0.9484732677313265,15.55209542575961,3.610195567677879,92.87647247314452,2.4211258406930147,31.21882892614944,5.244691936434332,14.041544942978502,0.0,0.0,-1.3577123800198927,0.8747028837578881,66.07907295227051,31.345350835920136,80.53794860839844,30.730589640547045,56.88972552617391,92.87647247314452
317,1.607590661997902,2.6854713198188285,0.308005432660717,25.884742736816406,1.694340259631722,3.5580993801610097,0.6259815003922656,1.691343457304193,0.0,0.0,-1.6618584265237173,0.2045476690775474,99.64020358191596,3.439986462252144,21.470346450805664,6.031238135193634,22.14973423216078,25.884742736816406
319,1.895139487299185,2.5481968635609955,0.1618330850272513,43.75814437866211,1.6869185327750391,2.3149070747925373,0.5291752226074493,1.2377201780852989,0.0,0.0,-1.5323465223893653,0.0842081264644998,105.700437757704,0.5700784004955116,15.467967987060549,4.9236731037860935,38.05857261021932,43.75814437866211
320,0.7792162650370458,2.414082521808882,0.54949666204714,31.85810089111328,1.7256522674035193,3.502935354650893,0.7167556649194338,4.101982907569393,0.0,0.0,-1.165396234823698,0.3499165224016685,123.26900800069173,2.7162251949760114,24.660511016845703,7.064068561435451,23.255107137891983,31.85810089111328
321,1.6679539784577269,1.9590445815780904,0.0876966308370037,16.356172561645508,1.6824775419187885,1.0549018551841536,0.7211429861230894,1.682086839110477,0.0,0.0,-1.418450195757809,0.0735303259406959,101.24941878848604,0.8609556089865056,18.70486259460449,5.656549410343786,10.858561197916666,16.356172561645508
322,1.937376086806474,2.4409627918820425,0.1700805690570158,29.075441360473636,1.6550875723898977,3.4683663590634346,1.0790082661416078,1.46188518507835,0.0,0.0,-1.4328318827583744,0.0811967326109289,117.005295753479,1.5174658661505172,14.07306671142578,4.067542662552894,22.471062077416317,29.075441360473636
323,0.4914521399184663,2.0456456201904767,0.5823703788206777,10.97930908203125,1.5965825194672314,29.07590700110242,5.905538328321755,17.71337245729691,4.0,0.2222222098765439,-1.462396293926624,0.8501670931653345,66.5791564517551,41.37770292250106,43.61054420471192,14.437614421281523,2.998106214735243,10.97930908203125
324,0.491974921085276,142.57676178534544,32.80031944196755,13.09835433959961,3.258823561698125,38.94599848114755,4.106281211428069,10.750562573767612,1.0,0.0454545433884298,531.2941219802613,333.86009224145226,77.51824032176624,41.02952918750387,119.13369178771973,25.0389512748662,4.650210033763539,13.09835433959961
325,1.4068414035360697,16.851741737004193,3.459328450113886,13.753738403320312,2.0522432743964063,28.0769620857619,3.054872723955851,6.973729813994906,0.0,0.0,1.470683023735413,0.68512775631447,54.532621171739365,28.831292595597255,36.48735046386719,8.897328682515157,3.92758051554362,13.753738403320312
326,0.9923810128657408,2.9228587465943354,0.5494360364625369,11.547222137451172,1.8042503558634784,2.0066286488145013,2.2293027844547675,4.982017732851507,0.0,0.0,-1.480872929710054,0.3329979641556342,97.49652120802138,5.186973535613933,26.29100799560547,8.880515117748617,5.206284523010254,11.547222137451172
327,1.7713494902153206,8.299818978862167,1.173321452132397,9.739246368408203,1.2506048032166324,22.314482007602987,5.636139185739687,10.082808939015395,0.0,0.0,1.9683758725730445,0.680840977915463,66.00650946299235,26.501623459196004,31.59941673278809,11.256765814196015,4.041853215959337,9.739246368408203
328,1.0951985525964685,2.339627168752733,0.3047374318062428,17.541608810424805,1.3691584119016276,19.101050474558708,6.39436583194097,11.376963217490616,0.0,0.0,2.4330146563100103,0.4432298887365276,48.16218905978732,17.437919821461694,41.16289138793945,12.033618485017788,8.3279021581014,17.541608810424805
329,0.1805664066220639,80.06343765937939,13.165423027407972,109.39180374145508,1.3285199598221362,31.271932384589597,5.74913644422484,5.596910331735214,5.0,0.1388888850308643,-3.827687753777111,2.318639360224952,33.230648040771484,27.623977446969565,34.45443153381348,9.348641414015333,75.58726893530951,109.39180374145508
330,1.2639146305432845,93.86228296820752,15.580691570386088,90.31468391418456,1.5243845319394451,31.47742823891883,4.493094722013917,7.320960481161816,0.0,0.0,4.815410877305523,1.89786369951952,58.459153175354,30.83986291737853,51.91648483276367,13.41797879216004,70.65629323323567,90.31468391418456
331,0.8849478696811628,3.453350285041331,0.5597609428737897,11.82718276977539,1.5532273778310393,32.79978528135558,5.994784631734862,9.238119735882842,0.0,0.0,1.733521273753131,0.6918145806120461,56.0832315021091,38.30921946351446,21.44440650939941,6.065167066041386,2.9041979047987194,11.82718276977539
332,1.449241738318435,2.8053012969269693,0.2389897191654841,28.327045440673828,1.3103880502079803,19.360495107256856,4.204486137363042,9.9326499464124,0.0,0.0,1.366280195758157,0.3061283207680029,96.40912002987332,16.834021840099137,67.73989677429199,23.54316122952748,9.38254886203342,28.327045440673828
333,0.1012349815941733,2.8540450795641177,0.5660508942571154,8.105478286743164,1.5849959584011557,28.190175656814112,4.284771147653967,6.951349485266813,3.0,0.0833333310185185,1.2688205810852464,0.6840458468877378,58.70814323425293,36.58428899031474,21.426706314086918,5.591821611122865,3.114048375023736,8.105478286743164
334,0.0119966524912935,74.27701751336456,14.148028018067574,102.96683311462402,5.198114476294543,9.21597010127609,2.5312981164911457,7.1498361246738025,3.0,0.0999999966666667,2.2330327138456427,1.4003564063896994,13.24297014872233,8.499766996056419,54.83579635620117,12.994623946155306,82.0157469643487,112.83154487609865
335,0.00196653458345,2.3870145696122496,0.4944446516050792,31.235170364379883,1.582479946949684,15.680097654288824,4.200378302550023,8.416511610079827,1.0,0.0277777770061728,1.3706275969909942,0.5436661344308725,56.31984498765733,20.802025309030007,22.009048461914062,5.546566800370273,17.156052324506973,31.235170364379883
336,0.1313110160123083,8.572848254802732,1.697425299558081,8.52290153503418,2.1489100205656104,31.04173977636926,5.746790854509007,8.756659832368264,3.0,0.0833333310185185,1.8224213097809767,0.9718571908153224,57.33865314059787,34.15294733535979,37.83127784729004,9.08183633617161,3.4769961569044323,8.52290153503418
337,0.4933792955598217,5.679423735770734,1.4442135671625314,13.288726806640623,2.3095285519254185,31.38035979429062,5.993089221736232,15.014664367365585,2.0,0.1111111049382719,-1.2009823886149942,1.0051139768834216,44.790031645033096,36.81585707075915,53.11980247497559,17.30009083028131,6.786536640591091,13.288726806640623
338,0.6872645524689116,9.113562584259492,1.6099555549464604,21.67576789855957,1.8441163647344885,30.426346344743383,3.228960934072996,7.677383014423717,1.0,0.0277777770061728,1.569158719507293,0.5809569728236122,74.54050540924072,29.785631670694976,19.577407836914062,4.781697278540015,4.170593950483534,21.67576789855957
339,0.6705936982736816,1.816161307914878,0.2856481385373983,15.243377685546877,1.472988540236664,32.38165742877997,3.4303148072127034,5.618496185674753,1.0,0.0555555524691359,-0.7212814578135455,0.2605108372724318,81.48671362135146,35.290385770022574,88.75945091247559,23.94191927591386,4.375775125291613,15.243377685546877
340,0.0282182443657562,201.43340704911097,37.12225528527544,35.128536224365234,6.260657555753646,55.45932609058896,8.871048349032634,21.0772078209838,10.0,0.3571428443877555,1.4543091700781476,1.3824071265562827,54.71857956477574,49.96996244965863,60.87166786193848,18.31955290581534,5.771101202283587,35.128536224365234
341,1.149389733183802,1.9384623744472704,0.2501720197899057,18.064403533935547,1.5082257110718942,3.3349266809439677,1.0683997925790396,5.150923729049487,0.0,0.0,-1.1580361710080542,0.1859696524224596,105.39021386040582,1.816063770026495,13.581953048706056,3.39571839133831,10.471601221296522,18.064403533935547
342,1.235668899968044,2.2632783100701523,0.3195907586591818,30.07596969604492,1.6176145182391335,3.279712301987666,0.7978844712025563,2.9468886158295344,0.0,0.0,-1.256915153737338,0.2074553442865625,110.00579622056748,1.2192622107252995,8.803491592407227,2.395966594973863,20.381590790218777,30.07596969604492
343,1.2875130251067777,2.1652645814254017,0.2272391313361503,9.447851181030272,1.4808526553222818,24.056901483263648,4.539612980626787,9.099472165809797,0.0,0.0,1.2867067586503422,0.1545700489067717,91.07782787746854,19.87296407575908,38.58386993408203,14.307124904004215,4.015987449222141,9.447851181030272
344,0.4081052849581804,2.913307220089944,0.8421186958378151,96.43067359924316,1.6011399347673625,42.38775873350609,5.137271532425746,8.293270699316594,6.0,0.1764705830449828,-2.496163944268865,1.4156084800857762,81.8007340150721,50.44725969430658,37.08436012268066,11.71463806995566,34.291538927290176,96.43067359924316
345,1.0729995559058567,3.0533068526911373,0.3961887357734984,40.12845039367676,1.47802196783319,33.48501274936323,7.013057146816977,8.515376574507018,0.0,0.0,2.262367089288509,0.7687515876865023,46.66227953774588,27.92918336780895,45.394630432128906,13.574274439970782,22.37495933260237,40.12845039367676
346,0.1491410316524136,17.48213931216531,4.504163162731947,131.41636848449707,4.6345170664692645,9.3400341365212,5.651507656159184,7.35178165914033,3.0,0.2142856989795929,2.2478186201404378,1.970073952959366,8.428376061575753,7.629573728846583,78.32313537597656,23.659063496391337,111.18066098954942,134.59856986999512
347,0.5478913025044762,2.449785548501473,0.5516247469922587,9.519033432006836,1.6208786704997464,4.173955781387401,1.1775408065087227,5.198651285700496,1.0,0.0277777770061728,-1.1715831817174904,0.3486598388675236,112.50752634472316,1.873217056375558,19.904098510742188,5.717585942378692,4.983560244242351,9.519033432006836
348,0.4819542725075629,11.144647378249012,2.0489314676185097,76.8923282623291,1.3861364649494254,19.514191685135703,3.634967428772818,8.5452283197586,2.0,0.0714285688775511,5.702718680609786,3.1907889857697613,32.92581626347133,18.878233554844364,24.58251953125,5.724492325326515,52.45063066482544,76.8923282623291
349,0.573127910100362,2.649529204291901,0.4023637384834178,21.29937171936035,1.3889421596047562,35.900784696957324,8.066377329300638,7.919879470952617,1.0,0.0277777770061728,7.088023151964951,2.189000405414037,75.31409210628934,35.027917386458405,68.35587501525879,20.70649760671844,11.024129655626083,21.29937171936035
350,0.5808648808851414,2.479526978368055,0.5808843280411956,10.033330917358398,1.6474050725147378,18.8760688518647,5.093979488970455,4.596505574416756,2.0,0.0740740713305899,-1.370784181338753,0.4305260472631576,92.7270472491229,5.58508804861012,15.037479400634766,3.818238430811872,12.61064714855618,58.82927894592285
351,0.5667836775952694,111.29681285251029,25.176545190729136,106.74397468566896,9.65173557662864,12.702684885689289,5.955576040446977,11.861992441755408,1.0,0.0555555524691359,-1.5059690787819973,0.8415478496549171,15.737265480889214,11.82441361028022,37.05111503601074,8.39432601725535,74.16446208953857,106.74397468566896
352,0.9963751532338376,1.148054271628768,0.0537270221797541,6.0602617263793945,1.619854534710393,28.473747507342782,4.437907586217384,9.945791702509563,0.0,0.0,-0.6924206860704003,0.010253529037118,122.8382396697998,2.4944792286810307,160.6337928771973,47.032206264967066,2.974643177456326,7.108497619628906
353,0.7815670758062966,1.461065064502177,0.1773885885837697,9.422016143798828,1.5625272659782377,12.36809149727546,3.145863139295913,6.797401928932536,0.0,0.0,-0.7066494893999726,0.153657414562619,77.52421273125543,12.321567473692896,14.723520278930664,3.401169374770208,4.171274503072103,9.422016143798828
354,0.468622902071737,2.9953018387560197,0.6851517774359687,51.93831443786621,1.5225519380489425,54.96370725968864,4.675466103217306,9.062324037056127,1.0,0.0277777770061728,1.1354810495672203,0.6411435595441106,95.41909562216864,51.874538027555424,88.61159324645996,26.72617182718862,29.91979413562351,51.93831443786621
355,2.0562206145744217,10.108743498725488,1.5316494922993789,58.29023838043213,1.2822698223888436,13.824837267514232,2.796268128797786,4.218704655966232,0.0,0.0,-1.3960420256512365,0.2061668548256524,103.46727477179633,9.023528270398645,44.06765937805176,11.082827106333935,25.123528507020737,58.29023838043213
356,0.8461270380091107,2.5341946532968245,0.5284765034733087,31.24298095703125,1.645672236253623,2.1394565641270504,1.3581410825009046,3.1887747073260115,0.0,0.0,-1.170481870267535,0.2933988627957296,108.35594760047064,4.266258573567564,16.938495635986328,4.867434397869854,24.034158123864067,31.24298095703125
