video_name,valgus_min,valgus_max,valgus_variation,torso_lateral_peak,symmetry_mean,heel_wobble,heel_instability,toe_instability,knee_cave_frames,knee_cave_frac,knee_asym_mean,knee_asym_std,ankle_width_mean,ankle_width_std,hip_shift_max,hip_shift_std,sho_hip_offset_mean,sho_hip_offset_max,knee_valgus,knee_varus,lateral_hip_shift,torso_lateral_lean,foot_stability
1,2.130934046657237,2.4564140029958472,0.0620531155855573,1.5945053100585938,1.4025723246905937,0.5994925600087713,0.6906153273106231,0.7478730072423688,0.0,0.0,-1.2313451035478835,0.0418652546347556,45.736374855041504,0.5584148168092182,1.907958984375,0.6936316381806914,0.924081802368164,1.5945053100585938,0,0,0,0,0
2,2.3479347072761283,3.0132426701841024,0.127143630409893,2.624225616455078,1.4435478335793832,1.1169296485437434,0.6520740184253866,0.8999251186706829,0.0,0.0,-1.2280467633263816,0.0377494033516912,45.82873874240451,0.643554519287059,3.467845916748047,1.1134359429280938,1.1095121171739366,2.624225616455078,0,0,0,1,0
3,1.9232628536321403,2.394815174006584,0.1222839134490905,1.1512374877929688,1.507628675134493,0.922039079051705,0.4061222525420074,0.9704161962797104,0.0,0.0,-1.4370457277900333,0.0698476290390781,34.50227684444852,1.16237874537043,1.412553787231445,0.4231673117333171,0.64535035027398,1.1512374877929688,0,0,0,0,0
4,1.9114183148038528,2.481614576691852,0.1561051770746589,1.1261367797851562,1.5401396136130443,0.8154972635457042,0.3561846616220626,1.0745160319894864,0.0,0.0,-1.420239204996771,0.0739652541958779,34.67177073160807,1.154296090028399,1.9595050811767576,0.6968319384838394,0.5142747031317817,1.1261367797851562,0,0,0,0,0
5,1.898474147231491,2.4272521501679387,0.138741544284095,1.254253387451172,1.5206144962114356,0.6900720055565648,0.3325330230237397,1.0315070305463954,0.0,0.0,-1.433630330588291,0.0769116770137919,34.51652526855469,1.090338975855965,2.308998107910156,0.5560029828666518,0.5821066432529025,1.254253387451172,0,0,0,0,0
6,1.56938054481807,1.7987587453032927,0.067552699619502,1.091289520263672,1.3600221871802136,0.6663972773574971,0.7950931339966656,0.79412446273135,0.0,0.0,-1.0184671676492447,0.0500279212139968,37.71134270562066,1.341818625585473,2.707843780517578,0.7557470859924368,0.4605902565850152,1.091289520263672,0,0,0,0,0
7,1.4354166104198185,2.1092274276422893,0.1675836565286782,1.6604232788085938,1.3391225945534406,1.0022967060341752,0.7601328630949339,1.0329218554658732,0.0,0.0,-0.9838583001048834,0.0646037789153946,37.33242882622613,1.6293044658416511,3.4586715698242188,0.8756325202042164,0.585723982916938,1.6604232788085938,0,0,0,0,0
8,1.7483049560066168,1.978622478847098,0.0530472805840802,1.2919330596923828,1.4933782966129403,0.664064485667686,0.3430994897292785,0.6947634492859655,0.0,0.0,-1.172477242735313,0.0551767742580911,31.0464964972602,0.362108792066604,1.2034034729003906,0.3476820870218797,0.3965804311964247,1.2919330596923828,0,0,0,0,0
9,1.671888616436653,1.9973037402012244,0.0742334866527293,1.1802482604980469,1.478181861884161,0.6781858027785275,0.4927726851831919,0.8352032097848179,0.0,0.0,-1.1761296105853265,0.0611737034769631,31.15930239359538,0.3736012298192554,1.5464496612548828,0.5020939997119596,0.7594752311706543,1.1802482604980469,0,0,0,0,0
10,1.4955391579890924,1.8219020727932884,0.0990045454954014,3.6940956115722656,1.6455341741450171,0.2672729643926863,0.2134728508123844,0.6400414028432865,0.0,0.0,-0.8320543772894193,0.0243392787989251,37.50318421257867,0.3041575096487158,3.5122299194335938,1.0775946549350937,2.1755732430352106,3.6940956115722656,1,0,0,0,0
11,1.519500052365362,1.700207720169551,0.0561319322162409,4.246616363525391,1.666030820660887,0.7547359336621247,0.3093042372554148,0.3278411287207122,0.0,0.0,-0.8103255520628422,0.013305011975044,37.39284727308485,0.5485068950464344,1.659564971923828,0.5595890322487086,3.2894473605685763,4.246616363525391,1,0,0,0,0
12,1.5904491529088356,1.9692595874578496,0.0959853563413279,4.106998443603516,1.6976395007983285,0.8420683750246848,0.2915271405436961,0.3121762567752051,0.0,0.0,-0.8426634376019575,0.0155819297680092,37.10073365105523,0.6892807907398751,1.916446685791016,0.565505921267847,2.834368811713325,4.106998443603516,1,0,0,0,0
13,1.0849924337671066,109.7113873308066,17.675143513245896,2.6273059844970703,4.385475840002882,5.891698871380693,0.7915546279451569,1.50447235210185,0.0,0.0,-0.9814600616934368,0.345420946662682,26.156316333346897,6.415002217853955,3.377246856689453,0.7448905458472256,1.356870863172743,2.6273059844970703,0,0,0,1,0
14,1.6196637104013647,1.9092557542590995,0.0829698796767536,3.368072509765625,1.5960491803514598,1.1115375292107956,0.5355014742586991,0.310276211157188,0.0,0.0,-0.9580831390537344,0.0610683032344294,30.6237268447876,0.6149191849878728,0.9506607055664062,0.2803451869870132,2.7635354465908475,3.368072509765625,0,0,0,1,0
15,1.541686907080393,4.372852412121874,0.6627064567403418,3.542194366455078,1.912673739074096,1.6881709064841013,0.2573663378508823,0.6750219838978384,0.0,0.0,-0.9441704521330272,0.0501793961923684,29.814860026041668,1.3447005346740362,1.5051937103271484,0.370257751525648,1.6033490498860676,3.542194366455078,0,0,0,0,0
16,1.851811528783064,2.007584539692801,0.0369549803829715,1.611328125,1.37854713532442,0.7824509707838551,0.266873665767957,0.3313196089766187,0.0,0.0,-1.0892799375106923,0.0241316048608029,41.61726951599121,0.3066834038370584,1.425018310546875,0.3074926042673876,0.6153572930230035,1.611328125,0,0,2,1,0
17,1.8281134281353613,2.0034389489828794,0.0415398346490026,1.2842750549316406,1.389944133091129,0.5860371410072382,0.2157479863754089,0.323369282266802,0.0,0.0,-1.0885976730324576,0.0221249146135927,41.51711463928223,0.3306210287991448,0.6262397766113281,0.169573483459199,0.5458148320515951,1.2842750549316406,0,0,1,1,0
18,1.5077356329345124,1.700623156630919,0.0615792185136759,1.3210296630859375,1.534163959058917,0.339236615369701,0.5023560818437488,0.342527387549785,0.0,0.0,-0.965084724333052,0.0517766960705676,32.47987800174289,0.1972472984973043,0.7980537414550781,0.2430005356943037,1.1033405197991266,1.3210296630859375,0,0,0,0,0
19,1.7709925011551075,2.0536742153101883,0.0608448022036434,1.986236572265625,1.4195164931632982,1.089624600927669,0.5204969851536797,0.5409054596540734,0.0,0.0,-1.0831327636338743,0.0292429863705368,41.56411912706163,0.6196097449029817,2.756175994873047,0.6805393969656545,0.7615497377183702,1.986236572265625,0,0,1,2,0
20,1.5570523735033903,1.628464284963348,0.0151539896489492,2.5905323028564453,1.5159838345505277,0.2560818829419948,0.3323019808927938,0.3404686655185898,0.0,0.0,-0.9925578611262597,0.0135625729933019,32.64727486504449,0.2807621619492166,1.1299324035644531,0.2766916919617928,2.1889946195814343,2.5905323028564453,1,0,0,0,0
21,1.5522668527130168,1.706452571755425,0.0382099186030721,2.4349498748779297,1.52388863924067,0.4415781264891988,0.5031240238106669,0.4093735026581331,0.0,0.0,-0.987577045948671,0.0386446422669627,32.79645178053114,0.2203901169972464,0.8726692199707031,0.2031554161042806,1.9917024506462944,2.4349498748779297,0,0,0,0,0
22,1.5100681912017266,1.9134765876685849,0.0931568041149281,2.542428970336914,1.4395264315773624,1.022483250048384,1.093486457128503,0.3500849518783696,0.0,0.0,-0.9855198099928114,0.0583622557829004,40.03934807247586,0.8354248277023198,2.6597976684570312,0.8458543210045457,1.3762267430623372,2.542428970336914,0,0,0,0,0
23,1.6073787335306122,2.296801807284692,0.1827127887667857,3.419475555419922,1.4321231228232714,1.2644257258167704,0.6794162795881629,0.4172729628867386,0.0,0.0,-1.0661616699962029,0.0867555588112177,41.47582583957248,0.9728109323477068,2.0116424560546875,0.5306912999173918,2.3800195588005915,3.419475555419922,0,0,0,0,0
24,1.749655735319963,2.2943992318891264,0.1434596364478624,3.789091110229492,1.4783172126034707,1.3028400102537852,0.4418577566171334,0.6577278387418046,0.0,0.0,-1.1115508218471115,0.0744202670294469,42.79522048102485,0.7893745670560904,2.614936828613281,0.791814772966521,2.675578064388699,3.789091110229492,0,0,0,0,0
25,0.99082260964483,1.3717587887604252,0.1280771702437506,0.9246540069580078,1.4854949675247455,0.7810918397713061,1.2737557272119784,0.9071527871079762,0.0,0.0,-0.8834792015409612,0.1569505962708304,28.428987397087944,0.8870851669342954,2.1399879455566406,0.5067455028201182,0.3977092107137044,0.9246540069580078,2,0,0,0,0
26,1.2289347053388449,1.6422564504605068,0.1266995840193228,1.8285083770751955,1.4749433476818488,0.5993194599286882,1.7819999265616584,0.5316323504395116,0.0,0.0,-0.981434078447496,0.1274736168818537,29.59146287706163,2.010270420771473,1.0351943969726562,0.2530067813132068,0.8734181192186143,1.8285083770751955,2,0,0,0,0
27,1.2220949460573676,1.5967448250511,0.1122747104674643,1.397247314453125,1.4564219681401904,1.1210214780975818,1.1074225336341903,0.6465636990583328,0.0,0.0,-0.9548400271125642,0.1178915845304837,30.5831691953871,1.8595308888392,1.6080284118652344,0.528714543446507,0.6587759653727213,1.397247314453125,2,0,0,0,0
28,2.037856326539896,2.383800731211777,0.0993570884643545,1.3370990753173828,1.3201833419343127,0.5828520010895837,0.4271831070742267,0.2160670508456728,0.0,0.0,-1.6123082684783638,0.0838694000321875,38.95794285668267,0.4945547617914471,0.6710052490234375,0.1531537011221563,0.6160887082417806,1.3370990753173828,0,1,2,0,0
29,1.9616997013747568,2.27582255712462,0.0856498514980045,2.3999595642089844,1.333354331365716,0.6187230564819174,0.3719164965759279,0.620347391393242,0.0,0.0,-1.474804447782631,0.0598188610211401,39.45648670196533,0.4244922245580912,3.4479522705078125,1.1175082278083783,1.4230060577392578,2.3999595642089844,0,1,2,0,0
30,2.033355479513827,2.3788847978231487,0.0998709228100047,1.6232967376708984,1.341097711233341,0.5083999591382348,0.2723316500842654,0.3209428451776281,0.0,0.0,-1.5488970324413631,0.0646770313033154,39.84915044572618,0.3639385658509314,1.9388675689697263,0.6447550145395272,0.6930417484707303,1.6232967376708984,0,0,2,1,0
31,1.7778075214991296,1.8868160306482613,0.0294752179666928,3.170738220214844,1.4184878858307275,0.5714556800319293,0.2405922959440636,0.2304283770537243,0.0,0.0,-1.3321658482550676,0.042730528062597,37.27031018998888,0.1882514185672753,1.5387630462646484,0.5158504480989464,2.071646319495307,3.170738220214844,0,0,0,1,0
32,1.7043281504625365,1.8873371221342727,0.0438218737720927,2.377796173095703,1.4388410175692072,0.9577259313246936,0.3815293118882475,0.182250022226336,0.0,0.0,-1.327289042110937,0.0628393477354301,37.03103966183133,0.7216589533118437,0.6593608856201172,0.1911403602850493,1.38614018758138,2.377796173095703,0,0,0,0,0
33,1.6767572565468278,1.920532210877008,0.0670057012878587,5.309743881225586,1.4524893633390423,0.4966917575162482,0.2361985149570904,0.518232527392871,0.0,0.0,-1.285085346019467,0.0639919929458509,37.25227302975125,0.2839613867003703,2.52924919128418,0.8735713415914386,4.17854838901096,5.309743881225586,0,0,2,0,0
34,1.5887647927490527,1.994780113582408,0.1052902677945076,1.0487079620361328,1.3221182470203654,0.8869256964603417,0.2264894630921166,1.5073393087584483,0.0,0.0,-1.031156351469954,0.0200533332637497,37.29065418243408,0.2950480660838097,1.1795902252197266,0.355067294721585,0.4024169180128309,1.0487079620361328,0,0,0,0,0
35,1.7641737870323109,2.1237080882195016,0.1237959503310104,1.5014171600341797,1.3979661895509206,0.4048283075961,0.3805090472581923,0.6367878374400352,0.0,0.0,-1.0652253265189404,0.0460575617539786,37.02505747477213,0.3207824896501768,1.3498878479003906,0.4092233763452682,0.4935126834445529,1.5014171600341797,0,0,0,0,0
36,1.6728287235920194,2.082318982837984,0.1239120114348059,1.0392379760742188,1.3382364611143638,1.273540039701597,0.2508305761223142,1.0123414085613758,0.0,0.0,-1.037987636841888,0.0311988510403711,37.43890550401476,0.6291220690803841,1.2389278411865234,0.315608305186396,0.6232327885097928,1.0392379760742188,0,0,0,0,0
37,1.527761599581874,2.174422493049599,0.1709712489410569,0.927448272705078,1.5755172851242691,0.7463638402081346,0.3858332737513066,0.2298403469413162,0.0,0.0,-0.9045293428957142,0.0422199950153562,34.46885373857286,0.7015910326520749,2.1240997314453125,0.7398755959697562,0.5168377028571235,0.927448272705078,0,0,0,0,0
38,1.502720126577067,2.005739321712323,0.1580096581198884,1.482830047607422,1.5876022746711689,0.3038950203287283,0.6934966535666013,0.3409348479527765,0.0,0.0,-0.9006936531427101,0.0440264766857739,34.627087910970054,0.4542628178194772,2.2025299072265625,0.5366947166604501,0.6889936659071181,1.482830047607422,0,0,0,0,0
39,1.4174254265449528,1.8858985486101385,0.1515739930101912,1.5538883209228516,1.5775668128672804,0.552963813674396,0.460521108051668,1.0458260666214936,0.0,0.0,-0.883102660338294,0.0315723131102469,34.44242371453179,0.3941776083862373,3.886289596557617,1.1983326648271777,0.6565573480394151,1.5538883209228516,1,0,0,0,0
40,1.996821418997376,2.3989274163963668,0.1245576750941073,1.6805362701416016,1.5525344583046232,0.686395130806021,0.5915222308484546,0.1564339265995011,0.0,0.0,-0.9712393733809104,0.0296439832052065,50.63871489630805,0.3078677243522726,3.22993278503418,1.0650795894096292,0.8462187978956435,1.6805362701416016,0,0,1,2,0
41,1.8590544956752264,2.3917064309179485,0.1500143291456955,0.7192516326904297,1.5525761419086863,0.6671986513289597,0.5755724165126453,0.3630176935687604,0.0,0.0,-0.9635761469235972,0.0410320760437097,50.62390645345052,0.4203285282178285,3.5826873779296875,1.0907650872870782,0.328981081644694,0.7192516326904297,0,0,0,0,0
42,1.656857559190787,2.1943182814473925,0.1495192602721838,0.8866119384765625,1.5027031892289986,0.6950771613309242,0.3730683815295748,0.2882055255575898,0.0,0.0,-1.0520721612517383,0.053906882166529,37.825353940327965,0.2989848542080142,3.456697463989258,1.0035114404384746,0.4129738277859158,0.8866119384765625,0,0,0,0,2
43,1.9678535558879,2.424850640531601,0.144000197311507,1.5923404693603516,1.538183811155385,0.8686345230110177,0.673458885750023,0.2628441448840703,0.0,0.0,-0.9808407282520734,0.0353405390759255,50.40516164567735,0.4036683944967285,4.019975662231445,1.2767246301627615,0.6651679674784342,1.5923404693603516,0,0,0,0,0
44,1.583302397797981,22.137295401718088,3.3184681441587536,1.8226242065429688,2.8087863887282376,3.2983165940814247,0.5512164375303837,0.5030167659052703,0.0,0.0,-1.048006818925995,0.1571121725114172,36.24735567304823,3.1475577842643747,4.633674621582031,1.1823975492143943,0.728544659084744,1.8226242065429688,0,0,0,0,2
45,1.5908539320104746,2.352207712490287,0.1912390708638018,0.8147716522216797,1.5339954293286795,0.9321519776083734,0.4964897140087637,0.4869055435883089,0.0,0.0,-1.0660429010021748,0.0580760140910764,37.32039928436279,0.5237624490371366,3.713445663452149,1.0369399847842844,0.3819367620680067,0.8147716522216797,0,0,0,0,2
46,2.568010674499734,2.7699095260599718,0.0434764018230921,0.8783245086669922,1.4194751103940828,1.2405643759704732,0.7590012534214029,0.733909207641793,0.0,0.0,-1.2136629834396748,0.0261581088183872,50.47422038184272,0.3200203020576068,1.739664077758789,0.5196536056944049,0.3683235910203721,0.8783245086669922,0,0,0,0,0
47,2.524128594490779,2.826118771126691,0.0659539536965529,1.7140960693359375,1.4255776253332877,1.1740257914807644,0.670856924052673,0.8308264327086183,0.0,0.0,-1.2372170453982456,0.0308332032435534,50.3928984536065,0.2681271997862243,1.8978691101074217,0.543428668984985,0.9208522902594672,1.7140960693359375,0,0,0,0,0
48,2.534828198275581,2.8414121680187883,0.0873047124649152,1.7371273040771484,1.4296125822193362,0.748565029228242,0.5479930629899428,0.6169091803361112,0.0,0.0,-1.2188723282015572,0.0484569609462242,50.375565422905815,0.2451636630382591,1.583843231201172,0.4052493221979564,0.9168789121839735,1.7371273040771484,0,0,0,0,0
49,2.265137813749417,2.4765880961951856,0.0675965496827379,1.4003753662109375,1.5448156879880683,0.6486790613614393,0.4643009635803375,0.6319577165730743,0.0,0.0,-1.2311228996906136,0.0361540184276679,38.31073390112983,0.3141297889169916,2.471771240234375,0.7089807157494651,0.7697990205552843,1.4003753662109375,0,0,2,0,0
50,2.227020848188272,2.424977718576025,0.0688506310007971,1.8115901947021484,1.5491276001813972,0.9444338883206848,0.5299363611385031,0.5125770018620192,0.0,0.0,-1.2143136298089825,0.034723891919069,38.47265826331245,0.4040507208829513,2.335777282714844,0.6635840243279559,0.8198989762200249,1.8115901947021484,0,0,0,0,0
51,2.1006265764979664,2.4017308246439577,0.0583891069710795,1.2243270874023438,1.529669644705709,0.6976690141302655,0.4141493396872461,0.6252355830781662,0.0,0.0,-1.2358659607156222,0.0626732250195522,38.1694671842787,0.171272056706523,1.8663406372070312,0.5529812344504562,0.4442368613349067,1.2243270874023438,0,0,0,0,0
52,1.5227359863608896,1.958937774645546,0.1349039195992284,1.7597198486328125,1.427525752549181,0.4445497176332286,1.417029302780856,0.5335618891007466,0.0,0.0,-1.076960196651222,0.0588296914227078,33.238468170166016,0.4652817070251258,1.4821434020996094,0.4973462536304506,0.8016692267523872,1.7597198486328125,0,0,0,0,0
53,1.4665787369166083,1.881900623422688,0.1048887810918349,1.6627311706542969,1.4239573017658929,0.46291016529738,0.9634897810701112,0.4672670023857256,0.0,0.0,-1.0699635099555938,0.0536835046611101,32.794881926642525,0.8141710421485961,1.4596843719482422,0.4167669323790828,0.7303608788384331,1.6627311706542969,1,0,0,0,0
54,1.2884965343866392,2.0092312551270783,0.2286640003451774,1.0719871520996094,1.5314978645182225,0.6452444489252063,0.4385136311737739,0.5783587032934736,0.0,0.0,-1.0045017216889518,0.1412035572147775,33.076417181226944,0.2713683559882474,1.055145263671875,0.3957574630627254,0.5466810862223307,1.0719871520996094,1,0,0,0,0
55,1.0199884532742485,1.4753585864035612,0.1433854564828766,1.801786422729492,1.7332609958074332,1.3928193103662745,0.4119106928691793,1.1262539427447649,0.0,0.0,-1.112235140140343,0.1673247726328404,20.68670537736681,1.8216779713194509,0.8882331848144531,0.2714018750002727,1.1997604370117188,1.801786422729492,2,0,0,2,1
56,1.2139545238284066,1.4848669387665758,0.061491044372275,1.4597415924072266,1.733540381827011,0.2574191322714897,0.635301774651336,0.5779149796855461,0.0,0.0,-1.2498491940223038,0.0830191528947371,20.30005243089464,0.5585158530395549,1.113872528076172,0.3402564407966819,0.8242408434549967,1.4597415924072266,1,0,0,0,1
57,1.1053827040088469,1.4351521768376982,0.072674311320734,0.8917808532714844,1.7346806894019808,0.5959869840133379,0.7039101867452664,0.7894763072822203,0.0,0.0,-1.056408486187083,0.0991055414642563,21.515767839219837,0.8700974608707732,2.1021461486816406,0.6641141200328221,0.368954340616862,0.8917808532714844,2,0,0,0,0
58,1.7884303508947734,1.9555439786206543,0.0413659937097354,1.918964385986328,1.2797305462730633,1.1151602827153635,0.301289147368489,0.3238056049026502,0.0,0.0,-1.0111186852186098,0.046844800400861,43.28570895724826,0.2882954036003504,0.7923793792724609,0.2202297038119624,0.7911716567145454,1.918964385986328,0,0,1,0,0
59,1.7730403701674462,2.015646204976384,0.0667644371570611,0.8534812927246094,1.2832015226781093,0.9539572291576458,0.6755379102084358,0.4854118695469422,0.0,0.0,-1.0013110326446488,0.074108958588455,43.579418394300674,0.3330355576789047,0.5511188507080078,0.1427983912366127,0.4030034277174208,0.8534812927246094,0,0,1,0,0
60,1.7491130770952916,2.026280595707558,0.0683323978821579,0.7421970367431641,1.262473607732093,1.3683969188285685,0.4381347337103212,0.4357634842730717,0.0,0.0,-1.011413689024691,0.0733900090286049,43.55510393778483,0.2366257701031875,2.356414794921875,0.8495842758259762,0.2858108944363064,0.7421970367431641,0,0,0,0,0
61,1.5126541127114963,1.7771703337747031,0.0722725736114328,2.1053504943847656,1.4593768403240068,1.022747455002,0.4272619461203668,0.6225730837415707,0.0,0.0,-0.8160001751216235,0.0281610958205967,40.3839545779758,0.6344124706766447,2.424325942993164,0.6727086798936225,1.022891733381483,2.1053504943847656,2,0,0,0,0
62,1.502567801192367,1.767755818674266,0.0544991195844542,1.727457046508789,1.4444503184143451,0.6640669089478888,0.3003181252836774,0.4187946413365606,0.0,0.0,-0.8491805356439108,0.0279190914385566,41.03224489423964,0.3465588171710397,1.9009017944335935,0.5046834695426827,0.7702239354451498,1.727457046508789,0,0,0,0,0
63,1.5808205261928523,1.856621081222052,0.0730168645489069,1.3828277587890625,1.4127001531513028,1.000754556529083,0.3916134782184554,0.2681095809372757,0.0,0.0,-0.9175054838121356,0.0318835584259134,40.47803031073676,0.5964489336523623,2.569799423217773,0.715285891170973,0.7000825140211318,1.3828277587890625,0,0,0,0,1
64,2.287045563697872,2.592097926024483,0.0926537207207829,2.291889190673828,1.4081926682911414,1.063377153618877,0.3435771303008214,1.3073936638316332,0.0,0.0,-1.3806143007652043,0.0251948050342064,46.35498417748345,0.6722262705722574,1.5806198120117188,0.3662237018547346,0.9465546078152128,2.291889190673828,0,0,0,0,0
65,2.3970295696976387,2.894531372823073,0.1365496224386118,2.5742149353027344,1.4142187476954746,0.6721048741228826,0.2822857735141368,0.9482586655849417,0.0,0.0,-1.4213508746721464,0.0252105900652315,46.95969157748752,0.4573362189130187,1.223430633544922,0.3401357745279552,1.73097742928399,2.5742149353027344,0,0,0,0,0
66,2.429769228223392,2.5481368429223683,0.0339697755619863,3.579425811767578,1.396419333658952,0.785589374166211,0.2011833295254285,0.6356725588667762,0.0,0.0,-1.3773200688753082,0.0331224084860301,46.63590431213379,0.5165693438135533,2.124452590942383,0.6983135041661803,2.477021482255724,3.579425811767578,0,0,0,0,0
67,2.4453433174765715,3.214284581681261,0.1625636041609481,2.3576736450195312,1.5587447291040255,0.7894112123322198,0.2255295612903672,1.130731388371206,0.0,0.0,-1.7671124706086467,0.0408159485124576,31.666216320461697,0.3652920366276347,0.7330989837646484,0.1783891887157603,1.7825667063395183,2.3576736450195312,0,0,0,0,0
68,2.2435085366057232,20.89272567692293,3.396597186492679,4.512138366699219,2.040785936379714,3.826917186131915,0.2670608137443687,1.4274559470235484,0.0,0.0,-1.8160179070344336,0.1603240437879117,29.38611719343397,3.48940250410285,2.256917953491211,0.6585020970945789,1.8103742599487305,4.512138366699219,0,0,0,0,0
69,2.445694324430008,2.919128267582898,0.1056575019138494,3.007164001464844,1.5364279367490294,0.9255534810477016,0.1645469641858942,1.1704227347946623,0.0,0.0,-1.8032944216952072,0.0302652134342451,31.146672036912705,0.5788056201494121,1.903848648071289,0.5589949805640048,2.276695039537218,3.007164001464844,0,0,0,0,0
70,1.2720430750847356,1.6457572933469136,0.0945878386627731,2.6265811920166016,1.471513449625181,0.5007036371406228,1.0787046306428154,0.9000568590943437,0.0,0.0,-0.9645211591495632,0.0431738316095385,33.06470447116428,0.3737553283363057,1.3722515106201172,0.464202490084875,1.7705978287590876,2.6265811920166016,1,0,0,0,0
71,1.5461327289245534,1.8175182135884036,0.0610249323056404,3.86749267578125,1.4792352124970267,0.7641167752677734,0.8115422096921489,0.7870987806035761,0.0,0.0,-1.027030728567327,0.0479809950914148,33.57756773630778,0.6190694481285891,2.1329212188720703,0.5581636460347578,2.619567977057563,3.86749267578125,1,0,0,0,0
72,1.6282187400007473,1.7844482626142264,0.028877647042878,4.733238220214844,1.4188069619444006,0.5525090207010626,0.7249401661512354,0.9543480325906324,0.0,0.0,-1.0301035002860526,0.0420327919493996,33.76281473371718,0.5802131500659726,2.7317142486572266,0.908187416819257,3.48195579316881,4.733238220214844,2,0,0,0,0
73,0.8658076764496142,1.1265377143695945,0.0878710803149222,2.4806690216064453,1.608330140505486,1.8632308225043237,1.0287235780195332,2.0428045954780294,0.0,0.0,-0.8148554523983409,0.0787758360493528,23.33911683824327,1.2774251431952135,1.8543434143066408,0.4774973796486451,1.4839633305867512,2.4806690216064453,2,0,0,1,0
74,0.9921517871355736,1.1887582397430936,0.0510765588721966,3.0125045776367188,1.6105709305942617,1.6579016899530483,0.8356160462932147,1.3198319142920825,0.0,0.0,-0.8957919186954998,0.0494176931458332,22.80195077260335,1.6401271884898412,1.4766311645507812,0.4604276858311142,2.0065434773763022,3.0125045776367188,1,0,0,2,0
75,0.9256872502730268,1.6278618153427773,0.1713444817083026,3.783416748046875,1.6606264662098684,1.8738380482777024,0.7474170372351695,1.991887354536072,0.0,0.0,-0.9355088465269116,0.1442654750630922,22.74137814839681,1.0385634256327478,1.3875865936279297,0.4485198993967804,2.5398810704549155,3.783416748046875,2,0,0,2,0
76,2.681483339239992,2.9131226467037825,0.075272008893417,1.4595699310302734,1.4666547957702745,0.7204455983603621,0.4801270149424236,0.3665274972703546,0.0,0.0,-1.511118279595346,0.0374607708805918,43.20641835530599,0.4332341983883542,1.5525531768798828,0.4867299137969237,0.7861614227294922,1.4595699310302734,0,0,0,0,0
77,2.6419940902687338,2.803525243414652,0.0484313720147134,0.8182430267333984,1.4584765268270337,0.9385553046702833,0.4128642449893921,0.3601317266324252,0.0,0.0,-1.468588120299963,0.0372588343813324,43.296753565470375,0.3348328200144853,1.0109233856201172,0.2757394072644274,0.4257482952541775,0.8182430267333984,0,0,0,0,0
78,2.656575622327684,2.8000688744307336,0.0487805246233527,0.922536849975586,1.4627601390654932,0.7290309383292699,0.477373575531988,0.3307069399948174,0.0,0.0,-1.470421644384389,0.0449381761232994,42.99581421746148,0.5203649229769237,1.5788555145263672,0.4744844294980486,0.642540454864502,0.922536849975586,0,0,0,0,0
79,2.6157810660118392,2.823603212934914,0.0485100562602106,0.3121662139892578,1.5027031288602517,0.4685585389728831,0.1676490362518058,0.2387086157346448,0.0,0.0,-1.7563767810301574,0.0425255187438424,34.80799516042074,0.4541604408878884,0.5362987518310547,0.1778423640442019,0.1904659801059299,0.3121662139892578,0,0,0,0,0
80,2.736835764016413,2.836468841913866,0.0201954362285331,1.603193283081055,1.499950233368561,0.4865033516331072,0.1988348363412267,0.6481799899612527,0.0,0.0,-1.6972905477315412,0.0276030078046225,36.01276503668891,0.3836716796801622,0.7211399078369141,0.2024201509509585,0.7486112912495931,1.603193283081055,0,0,0,0,0
81,2.556492753868886,2.7802262114163194,0.0695847266075323,0.6672859191894531,1.4989616351808244,0.8951372692740781,0.1577984633194217,0.6671233943320872,0.0,0.0,-1.6701808399299518,0.0299182764376124,34.97540314992269,0.5621236827588338,1.5660858154296875,0.490012549305099,0.3226036495632595,0.6672859191894531,0,0,0,1,0
82,1.1611993668763605,1.494943646286734,0.0798979173156396,2.9404163360595703,1.419571707009725,1.97226674149878,0.6305446710524845,0.794226285135339,0.0,0.0,-0.8641961637836869,0.0822641330735645,32.75979412926568,1.364918861110712,2.592439651489258,0.8167567942698818,1.3593994246588812,2.9404163360595703,1,0,0,0,0
83,1.207802504140317,1.5537031600633724,0.0867335835672251,1.475372314453125,1.4362549001014748,1.5131822421521488,0.3218810544139679,1.3714289531383257,0.0,0.0,-0.8343907131149152,0.0476212175439997,32.93832037183974,1.461677585480089,1.470499038696289,0.5060717609027863,0.7392594549391005,1.475372314453125,1,0,0,0,0
84,1.2004020890617475,1.5027316555495478,0.0895279720490399,1.5494346618652344,1.4331181051691646,1.1184783039815516,0.5002178627896459,0.9207952590392012,0.0,0.0,-0.8433284245586523,0.0601103019907372,33.06798405117459,0.8358199916469558,1.1748123168945312,0.351397379109602,0.6973565949334039,1.5494346618652344,0,0,1,0,0
85,0.981924568261345,1.3256053415049978,0.1052783984363701,3.2183837890625,1.5703222557257193,0.5307923209206783,0.6690047771556535,0.4777150423478487,0.0,0.0,-0.912064183201671,0.1006405627203393,25.34018039703369,1.003883986363119,1.6888141632080078,0.4872860865355621,1.3037604755825467,3.2183837890625,1,0,0,0,0
86,0.716187394716238,1.319345080410657,0.1526536613918208,2.526998519897461,1.590924397691463,0.315983096394066,1.0257960735809428,0.6375902724441663,0.0,0.0,-0.7878312531945051,0.1643177978730593,25.08848932054308,0.8027145161698679,2.228937149047852,0.587854987013856,1.2271446651882596,2.526998519897461,2,0,0,0,0
87,1.0366337173259113,1.3037755204847588,0.0783148764786991,4.463825225830078,1.5629775984612018,0.5663254029228806,0.7216173286828284,0.933606994639566,0.0,0.0,-0.8954793463414243,0.0672675596707394,25.464861657884384,0.7396593919312294,2.906074523925781,1.0075773755079616,1.4532603157891169,4.463825225830078,2,0,2,0,0
88,2.359065122871738,4.907185642377149,0.5133812923008396,3.2355690002441406,1.2354435040124152,1.0433422520125488,0.9253349885786504,1.416486108207757,0.0,0.0,-1.4754986985177423,0.0166270942897912,43.05946456061469,0.4267080677511984,2.188568115234375,0.6559442563633632,1.7898035049438477,3.2355690002441406,0,0,0,0,0
89,2.369947161980316,2.544376890287785,0.0463515977505526,4.322395324707031,1.2678024094085156,0.6880051355796973,0.5746114753122351,0.9446576302456576,0.0,0.0,-1.5004243978341485,0.0215657882383689,42.50912348429362,0.3672941456641262,1.5525531768798828,0.4607552500027346,2.4097598923577204,4.322395324707031,0,0,0,0,0
90,2.483563296220088,45.81966052795645,7.0895885684512185,3.6063385009765625,1.7196394083546251,3.1379585133948065,0.9032948076729276,1.900829148847,0.0,0.0,-1.4844341434677488,0.055080431007787,41.732662518819176,3.6713100254791553,3.219175338745117,0.8555450786618778,2.6312891642252603,3.6063385009765625,0,0,0,0,0
91,2.4381352583524296,3.185039791962976,0.1608552464535685,2.772541046142578,1.3330651542684313,0.8079414344344457,0.3792961896877265,0.8693209180639337,0.0,0.0,-1.257505198991076,0.0323852029900363,49.50091626909044,0.4605575426169616,2.5477027893066406,0.9178206765586124,1.008363299899631,2.772541046142578,0,0,0,0,0
92,2.375055047784376,2.7025949795179227,0.0774649905621802,1.351633071899414,1.3140510597342296,1.0447310969572476,0.3626477827191274,0.5825888163647324,0.0,0.0,-1.1951885309717964,0.048129310418035,50.59664726257324,0.288540639653885,2.449674606323242,0.6150052838156872,0.4748384157816569,1.351633071899414,0,0,0,0,0
93,2.4428505350723047,2.959972758971677,0.1195158529747859,1.883487701416016,1.2894146259634944,0.5977295388705658,0.5122048970439654,0.9510833459580148,0.0,0.0,-1.2282348000107823,0.0129013745258383,49.88168239593506,0.4327700384015451,1.8244361877441408,0.5375546078914317,1.2161117129855683,1.883487701416016,0,0,0,0,0
94,2.4441984195607285,2.701145060354457,0.0825106219337704,3.6655330657958975,1.4873243136758871,0.4465846951803984,0.3575914369682837,0.3555100398863069,0.0,0.0,-1.2006284578788504,0.0433285337996537,44.19844203525119,0.2718177151353547,1.881036758422852,0.5921070113087625,2.978636688656277,3.6655330657958975,0,0,1,0,0
95,2.2997785701999427,2.6613256241589838,0.0895557236867272,4.650459289550781,1.4532639937130734,0.2521402998881634,0.6934095304088882,0.2301564388517669,0.0,0.0,-1.1783376590678172,0.0652497211319153,44.51264116499159,0.2242378468289519,1.1942386627197266,0.3656736171186442,4.185093243916829,4.650459289550781,0,0,0,0,0
96,2.346381162292396,2.6977585190857982,0.0822139662359421,2.934846878051758,1.4748240930052416,0.3624180997036691,0.4161054905651472,0.3188214334818857,0.0,0.0,-1.1922505182624077,0.0539267547257601,44.30213610331217,0.294092499650852,1.5600967407226562,0.4225412154186546,2.1978489557902017,2.934846878051758,0,0,1,0,0
97,2.220609813227749,4.918740194523182,0.5587270530701278,3.743276596069336,1.7539774544885942,3.978902794073455,0.3559775949488552,0.7637223858225047,0.0,0.0,-1.642818343496795,0.1674629852609204,37.11289299858941,3.739304006259543,2.515840530395508,0.6478959368035955,2.824358940124512,3.743276596069336,0,0,0,1,0
98,2.088243649700711,5.287166067974594,0.5832147664988382,3.5684967041015625,1.5941229235445205,1.7117054899511743,0.2124757401755274,0.3042032490804072,0.0,0.0,-1.41116928910097,0.0581607983100221,38.03357601165772,1.123492894923892,2.185611724853516,0.517439406244952,2.588002416822645,3.5684967041015625,0,0,0,1,0
99,1.928865426429142,3.367836916145322,0.3051336099914597,3.6186790466308594,1.5349462439840742,1.5424946719338248,0.3712977327070888,0.3577632676321973,0.0,0.0,-1.302168827008929,0.0149970273797131,38.042567041185166,0.6154128049388417,2.134838104248047,0.511956041173439,3.140309121873644,3.6186790466308594,0,0,0,1,0
100,0.1476745585291788,54.61407306642513,8.972525440721682,3.06386947631836,9.47948126658946,9.462347634468305,2.0194662344711385,2.077616393742256,1.0,0.0277777770061728,-1.080187271611023,0.4123300193227372,31.532239384121365,10.164161957400646,3.6293983459472656,0.9973309477550628,1.2004711892869735,3.06386947631836,0,0,2,0,0
101,1.5554194199654223,14.23251908806562,2.513764413667347,2.983016967773437,1.861413727266484,5.273735279178684,1.130169966414993,1.234521689903303,0.0,0.0,-1.0030910853342407,0.1852984100379951,34.80818059709337,5.209829263235679,3.125743865966797,0.9822937637894448,1.5268066194322374,2.983016967773437,0,0,0,0,0
102,1.3303632516729087,36.79640474773143,8.156636021473892,3.424053192138672,2.469864778631481,6.1238973169296935,1.3444169471976315,2.1321365659144838,0.0,0.0,-1.2181587225753725,0.2910693032977354,35.04610432518853,5.434304908662193,3.40815544128418,0.7473258824054407,1.2093493673536513,3.424053192138672,0,0,1,0,0
103,0.8766755821906015,3.2107734451835013,0.369816810344731,1.6971397399902344,1.826905240208022,3.62322054272209,0.663975811420323,0.8919534010789276,0.0,0.0,-1.002606286018109,0.184310377490395,25.696293512980144,4.337554497722199,1.3917827606201172,0.3435349648867381,0.7098038991292318,1.6971397399902344,1,0,0,0,0
104,1.205545290944931,1.5786168301989536,0.0934232734914521,1.664285659790039,1.6064903069949563,0.8618588781958494,0.4730092449851168,0.2370051540233007,0.0,0.0,-0.90963819261438,0.062352776782084,27.044343418545196,0.5641299322204861,3.408498764038086,0.93528027050661,0.9056448936462402,1.664285659790039,1,0,0,0,0
105,1.2417143663853576,4.22694846374788,0.6054696754663563,3.3164596557617188,1.603407715527526,1.1894107447663484,0.4181412209891989,1.069870783126987,0.0,0.0,-0.935541333096454,0.0606626064151881,26.018765767415363,1.5718781266381294,1.594095230102539,0.44783399854159,0.8653680483500162,3.3164596557617188,1,0,0,0,0
106,1.7783534748660663,2.0672881991976872,0.0841931114204845,1.4891624450683594,1.568987206952004,0.5449292973881379,0.2648531439608736,0.4386442816341886,0.0,0.0,-0.9583429439870712,0.0153896339341383,40.06314489576552,0.2977133502304084,1.1857223510742188,0.4276630356570592,0.8712953991360135,1.4891624450683594,0,0,0,0,0
107,1.6861758927336796,2.153092849569465,0.1368498204625098,1.7681121826171875,1.6028253585406953,0.9864481676235712,0.3652842302454333,0.4549257576968874,0.0,0.0,-0.9403858408582594,0.0164914488179023,40.41277779473199,0.4089848123467826,2.2403430938720703,0.6066733191954289,0.6303996509975858,1.7681121826171875,0,0,1,0,0
108,1.777725970994772,1.9037987118891235,0.0329998736055862,1.2633037567138672,1.629664529811085,0.8421695702171249,0.1905402401857898,0.4067043979703872,0.0,0.0,-0.9175177598590848,0.026305627381542,40.26468171013726,0.5722282417838791,1.0161685943603516,0.2636336426527915,0.7965848180982802,1.2633037567138672,0,0,0,0,0
109,1.5673378800568587,1.7477011123378745,0.048786603859591,1.078205108642578,1.514934889529619,1.403754405913933,0.5810978379363199,0.6920279501507028,0.0,0.0,-1.0955405930161846,0.0384682956040112,28.910645378960503,0.7388954869804121,2.09829330444336,0.6920171082030283,0.5727362632751465,1.078205108642578,0,0,0,0,0
110,1.406661062089515,1.749004130608039,0.0994376385333182,0.7489681243896484,1.6155232474711017,0.5535469823049187,0.4007763219115806,0.7255785490267286,0.0,0.0,-1.0010045006228756,0.0751950505551713,29.559027353922527,1.1716464011775234,2.2171401977539062,0.7974494738128367,0.3666800922817654,0.7489681243896484,0,0,0,0,0
111,1.389409995239843,1.9007996660911688,0.1134175491331087,2.4460315704345703,1.6024485233317067,0.9243650097582508,0.3478008156107872,0.834149358337206,0.0,0.0,-1.0908824547080391,0.0686043798464311,28.726768493652344,0.2984393457544386,3.6365890502929688,1.0783929334175784,0.977873272365994,2.4460315704345703,0,0,0,0,0
112,1.7734315938675795,2.057465453610808,0.0888455489482742,2.5191783905029297,1.4696703497781831,1.5842614401124415,0.6254453698213728,0.6267143358747469,0.0,0.0,-1.0914054583058626,0.0364968180334954,37.27526982625326,1.49129980163005,2.1998214721679688,0.8321368111003828,1.0510563850402832,2.5191783905029297,0,0,0,0,0
113,1.9001724417297472,2.0526080131101807,0.0514081188134855,1.0741806030273438,1.5006244077427064,0.6019644993743093,0.43641016343116,1.443379057734215,0.0,0.0,-1.027811500367361,0.0196173823987815,38.91894870334201,0.6797495060588508,1.6380596160888672,0.523651894939362,0.4183660613165961,1.0741806030273438,0,0,0,0,0
114,1.8542049192252772,2.010853235562013,0.0482016112068155,1.1461544036865234,1.4652774516328553,0.955365190217763,0.4971435690766554,0.6839914912135518,0.0,0.0,-1.0729311082458703,0.0181272224039278,38.301827642652725,0.5474130780273758,1.90913200378418,0.5285919024837484,0.8493977122836642,1.1461544036865234,0,0,0,0,0
115,1.4116180918484116,1.8115777202662728,0.1075054430714592,1.3263416290283203,1.5584176022752436,0.4274707795526286,0.3878205253538069,0.8487170211992346,0.0,0.0,-1.0082797107773114,0.0362449408697268,32.61072847578261,0.3354503308835604,0.5935764312744141,0.1578077156774864,0.5535536342196994,1.3263416290283203,0,0,0,0,0
116,1.4350464389990771,1.8015787403107049,0.0962749868914212,1.1213970184326172,1.560665506384749,0.9526758471713284,0.5313749581857639,0.713368522880121,0.0,0.0,-1.038939206356173,0.0352122006931884,32.47252888149686,0.2284332609913475,0.8353710174560547,0.2317134695493113,0.5009399520026313,1.1213970184326172,0,0,0,0,0
117,1.6126124882863186,1.951106644669153,0.0994053700077068,1.230573654174805,1.5933424884825609,1.00454822320629,0.410739309243938,0.4491874803544791,0.0,0.0,-1.0139611653444942,0.0366911649787321,32.78247144487169,0.5709205283606613,1.1284828186035156,0.3698289543603064,0.6287378735012479,1.230573654174805,0,0,1,0,0
118,1.781480485985004,2.142658823349682,0.0804915460321741,1.356515884399414,1.474119230462157,0.3695272612450931,0.458128942171019,0.4003125521908933,0.0,0.0,-1.4166287531191175,0.0375078957271077,32.07114749484592,0.2442329810345143,3.934307098388672,1.2538233797885854,0.8146172099643283,1.356515884399414,0,0,0,0,0
119,1.8240218338828824,1.96439199920684,0.0381445006134575,1.9154739379882808,1.4098286685672483,0.7412861905014131,0.435369438322738,0.78681846938656,0.0,0.0,-1.403111365924439,0.0337615123100522,32.76577843560113,0.4156417649346769,1.8546199798583984,0.5911391282696079,0.8956591288248698,1.9154739379882808,0,0,0,0,0
120,1.7124468311714198,2.041348726650274,0.0668321254449643,1.3100814819335938,1.48070053021433,0.654911083339522,0.5882573552865741,0.3690959403050597,0.0,0.0,-1.4532334072238415,0.0631668495820634,31.805318196614586,0.5291162000431244,1.3457870483398438,0.3888163274987986,0.9239114655388726,1.3100814819335938,0,0,0,0,0
121,1.9117228989156116,4.110611224287792,0.4274522899233117,1.261587142944336,1.7836684210291855,3.432689771765314,0.5947648238804559,0.8591327053435892,0.0,0.0,-1.55232971941108,0.0939282898311815,25.22921986050076,5.0490156785033085,2.19655990600586,0.5023834713919297,0.6643626425001357,1.261587142944336,0,0,0,0,0
122,1.5330597874561604,5.458294896341074,0.8248328169724504,3.885040283203125,1.7455001053248242,4.782683912613481,0.9789550300524072,0.5014337178758227,0.0,0.0,-1.7780391719586437,0.3134607666448558,22.3745690451728,6.319561477307837,1.631307601928711,0.481644897432865,1.2333816952175565,3.885040283203125,0,0,0,0,0
123,1.6422304279608546,2.3879710968514125,0.1395653928873632,1.4766883850097656,1.5166404460175544,0.657534009942848,0.6775846444435842,0.4880767534727108,0.0,0.0,-1.3755266521202156,0.0707740793743711,30.01827769809299,0.904367833662266,2.2738265991210938,0.451112679343535,0.4067654079861111,1.4766883850097656,0,0,0,0,0
124,2.108400626016006,2.292423175286688,0.0521587045372959,2.5676441192626958,1.4828175553415155,0.217789851514653,0.2616582237627658,0.2623963190932512,0.0,0.0,-1.1793328497985216,0.0283075794508361,42.11374865637885,0.1304233317675637,0.8664321899414062,0.3089893300825193,2.186288833618164,2.5676441192626958,0,0,0,0,0
125,2.041841801933684,2.2587142429044578,0.0529757546101458,2.2495269775390625,1.4768667236410578,0.3423355061984948,0.2491941880624829,0.506005616512157,0.0,0.0,-1.1493759009136744,0.0290466137585986,41.95660432179769,0.1959730949601119,1.4393043518066406,0.4764447371100004,1.8835613462660048,2.2495269775390625,0,0,0,0,0
126,2.096613697428276,2.187323666665426,0.0258425874207728,2.8034114837646484,1.4657540545635,0.5196749762386891,0.2548961091317498,0.40532340363492,0.0,0.0,-1.1518172480068292,0.012965623684326,42.401628494262695,0.4567949057505984,1.2555694580078125,0.3596403348063625,2.1502680248684354,2.8034114837646484,0,0,0,0,0
127,1.8157718273298096,2.403068616725044,0.1775598590201071,2.637462615966797,1.5018161655185147,1.311668619779945,0.5407680831343175,0.456270289387588,0.0,0.0,-1.124491351475844,0.0687574585533891,42.20349735683865,1.078673641853284,1.6432762145996094,0.3894018634453899,2.3772046301099987,2.637462615966797,0,0,0,0,2
127,1.4758310075966614,2.04591121932093,0.1736288461217126,3.110027313232422,1.531770456456219,6.6692179701272405,0.4079105865791606,1.585227739911356,0.0,0.0,-0.9306724181950424,0.1677011949672973,35.28209262424045,6.587888087482797,19.57524299621582,8.004074206342844,1.811311774783664,3.110027313232422,0,0,0,0,2
128,2.137410482596477,2.255305052657698,0.0250797949679017,2.6941871643066406,1.4898875720498872,0.612561007900555,0.1788617746936966,0.1492714291515949,0.0,0.0,-1.1596515573378392,0.0212091805101019,42.91813532511393,0.3275528978889672,1.457366943359375,0.505151082817644,1.940465503268772,2.6941871643066406,0,0,0,0,1
129,2.0918878450928875,2.37163496153248,0.0795096414394176,2.066049575805664,1.5020394440212268,0.2369316632275124,0.2727482770885646,0.2978498138633109,0.0,0.0,-1.1738021289042555,0.0300198066176099,42.96273708343506,0.2624316217619072,0.9851932525634766,0.3642473200081378,1.41336547003852,2.066049575805664,0,0,0,0,0
130,1.5693296926130422,2.051878110880135,0.1059344405373209,2.6847171783447266,1.5326028997851509,0.6413795510853565,0.6183610770225593,0.5199432384895102,0.0,0.0,-1.1337537156665844,0.0387990729207326,35.9613291422526,0.6335569936624953,2.646446228027344,0.6109493025591131,1.5897859467400446,2.6847171783447266,0,0,0,0,0
131,1.7664901541136926,2.0327609465395,0.0754207680293042,3.26345443725586,1.5408582543996472,0.4527306666409638,0.4487876751909945,0.3850579021152184,0.0,0.0,-1.1322583612850257,0.055307782084345,35.58196173773872,0.2464677492303201,1.500701904296875,0.5111486083370603,1.7565242449442546,3.26345443725586,0,0,0,0,0
132,1.6239014629549706,1.8933410743660564,0.0647247211665927,1.804370880126953,1.5002297534849336,0.4570250348690617,0.5561988233803383,0.5765475922351985,0.0,0.0,-1.1024409416720566,0.0306340011956904,35.96252494388156,0.3113074782559278,3.476715087890625,1.1793083680592684,1.1170416408114965,1.804370880126953,0,0,0,0,0
133,1.4524489553773745,1.85726434731744,0.1092055283814338,2.558879852294922,1.5622871291383995,1.1489634568857698,0.3866811312170525,0.7008985458093069,0.0,0.0,-1.1185119361545517,0.0719120320033537,32.3095613055759,0.8041212127606826,1.181182861328125,0.3672206011231611,1.1075772179497614,2.558879852294922,0,0,0,0,0
134,1.718061364191588,2.0201509866693987,0.0659694754028858,3.059511184692383,1.5469594172873504,0.7906008345015396,0.2944822415415656,0.1964117631798196,0.0,0.0,-1.2069271335007747,0.0389430230445093,32.28126631842719,0.6144254011690585,2.9762840270996094,1.1040460451473175,1.9776614507039387,3.059511184692383,0,0,0,0,0
135,1.5604802859103617,1.894727803630428,0.0816978253170724,2.027149200439453,1.5691512417853544,0.7063369779389759,0.4190230307389849,0.7270482466637392,0.0,0.0,-1.1383180164304656,0.0553625636185616,31.86561160617405,0.5611717622293807,1.049823760986328,0.2889137176255367,1.3110733032226562,2.027149200439453,0,0,0,0,0
136,2.516680887011788,2.719480189389342,0.0429565077192605,3.214893341064453,1.4684455219024624,0.3079425130357625,0.8771866755633605,0.8448482589704056,0.0,0.0,-1.3109379517659887,0.0153150559674973,48.13970300886366,0.4961437041670887,2.60223388671875,0.7003732964680859,2.502959039476183,3.214893341064453,0,0,0,0,0
137,2.5887953989917025,2.764960334927056,0.0599805039583425,3.8259315490722656,1.434808650526784,0.5369085448806468,0.7349911073677661,0.5552058423882207,0.0,0.0,-1.3316390905863509,0.0097909384793678,48.02790482838949,0.3271539137351571,1.5011024475097656,0.4184848288610696,2.80482636557685,3.8259315490722656,0,0,0,0,0
138,2.642959458885031,2.763584950082264,0.0303171113569949,3.8133716583251953,1.4650057465447417,0.5138666190181149,0.6624111228083368,0.7075616773373028,0.0,0.0,-1.3379207243160576,0.0135797761378119,47.85353183746338,0.2805921701000975,2.375001907348633,0.7763458818885212,3.0424806806776257,3.8133716583251953,0,0,0,0,0
139,2.090210830932243,2.373440101339678,0.0826625776071063,2.434024810791016,1.538897497683786,0.3829471655386223,0.2154413035115867,0.5246685997794825,0.0,0.0,-1.2446102820834315,0.0185021403143495,38.62582153744168,0.1546196681442739,0.8195877075195312,0.23750972271835,1.8348150783114965,2.434024810791016,0,0,0,0,0
140,1.7937392062884814,2.2368093384544308,0.1086619338746834,2.2505664825439453,1.5153277883308531,0.7166253095792947,0.3774620059744051,0.2382760746057189,0.0,0.0,-1.1703974006743352,0.0637691798568953,38.77662234836154,0.3602471250724813,1.1403846740722656,0.2456998282974411,1.3636287053426106,2.2505664825439453,0,0,0,0,0
141,1.9073960261086,2.3791701838486268,0.1126632193995399,2.293643951416016,1.506667985627142,0.4967385907257072,0.2478902442403096,0.3983765915882851,0.0,0.0,-1.2090140316046538,0.0438432058348449,38.74863942464193,0.307143513085075,0.8211898803710938,0.2364125163526802,1.5778348180982802,2.293643951416016,0,0,0,0,0
142,1.5321325591987502,1.7673899996219269,0.05902696210525,0.7574748992919922,1.7618544562211371,1.263560958834369,0.2892121792105377,0.617861447480497,0.0,0.0,-1.1932140366534016,0.0357371215405115,28.236490885416668,0.7091587631622022,1.491680145263672,0.431077980798953,0.3443993462456597,0.7574748992919922,0,0,0,0,0
143,1.523584040231609,1.8412014782269208,0.0860623756303679,0.8888530731201172,1.73548978174141,0.3879895280439678,0.5369415319757846,0.5309082747459929,0.0,0.0,-1.1941162130069816,0.0435716214814162,28.354337480333115,0.4629594955877962,1.3386917114257812,0.3393701473480061,0.3568601608276367,0.8888530731201172,0,0,0,0,0
144,1.622492821571111,1.8352915802774776,0.0583295278192843,1.028900146484375,1.7394201149267725,0.7082151634544745,0.3424089493905655,0.2671910573317567,0.0,0.0,-1.1959129281038188,0.0435779573601124,28.72345871395535,0.3313506443954009,1.655559539794922,0.5363464723882108,0.3555300500657823,1.028900146484375,0,0,0,0,0
145,1.8136673816836697,2.478698779500953,0.1474721401167769,1.467885971069336,1.964485037471904,0.4912252483496087,0.4269618999910056,0.4272358909420662,0.0,0.0,-1.3179588621642029,0.0690659193944046,27.23795043097602,0.3505070583858647,0.9681606292724608,0.2860845349752891,1.0203809208340116,1.467885971069336,0,0,0,0,0
146,1.7436232456941907,2.061198656759029,0.0730939650892932,1.0231590270996094,1.9405792205506889,0.3391903865452098,0.2891078149376883,0.42127677455861,0.0,0.0,-1.257082058153777,0.0435373152053066,27.145700454711918,0.4215192558506213,1.081228256225586,0.2973601551304882,0.5026676919725206,1.0231590270996094,0,0,0,0,0
147,1.6494156742405288,2.338095217154197,0.1581332716743721,1.0945796966552734,1.870929653337364,0.2996536048898947,0.3634634838943521,0.3857837080636011,0.0,0.0,-1.3244533185919891,0.0758170206426515,27.432758543226456,0.4495870879534868,0.5730152130126953,0.1843064489864841,0.6461776627434624,1.0945796966552734,0,0,0,0,0
148,0.9575685404388596,1.1195402208368173,0.0413108256564725,1.7631244659423828,1.6317977235350458,0.6312860138566033,0.7778603334289231,0.6179841506969962,0.0,0.0,-0.7004132941844927,0.0308528601992043,32.57070647345649,1.0343474074448566,1.913137435913086,0.6305907420402067,1.0607971085442438,1.7631244659423828,2,0,0,0,0
149,1.083180914080057,1.2181098312528438,0.0335672354406427,1.5693378448486328,1.636734202504148,0.3434692195827756,0.6931126067094762,0.6118380398396159,0.0,0.0,-0.7580344145035591,0.0243839225895079,33.519790967305504,0.5647868653952997,3.722848892211914,1.11887968684626,0.6874137454562717,1.5693378448486328,1,0,0,0,0
150,1.0107882114962454,1.2762404367385938,0.0829599207758604,1.7814826965332031,1.667047624114098,0.667406175785895,0.8497384125126072,0.4493032294569339,0.0,0.0,-0.7438007768704965,0.0374134556442142,34.164415995279946,0.4809977891155148,1.3835811614990234,0.3445965216106412,0.7481736607021756,1.7814826965332031,0,0,0,0,0
151,0.8639260149577468,1.0099534796211982,0.0446767534598246,1.2047386169433594,1.7846784444435242,1.129856906879618,0.5784533451788176,0.3754743096208037,0.0,0.0,-0.8131990785304227,0.0465487099203425,23.643956714206272,1.2639658497259718,1.3013267517089844,0.3880754655127328,0.4147768020629883,1.2047386169433594,2,0,0,0,0
152,0.8678911101554542,1.0038421360390692,0.0355256592081559,0.8241653442382812,1.81727146580663,0.6380219193412925,0.5946195311931519,0.2547413263872568,0.0,0.0,-0.8671690224974606,0.026695337244833,23.26638592614068,0.6286510318766512,1.5560626983642578,0.4528467214899999,0.4480258623758952,0.8241653442382812,2,0,0,0,0
153,0.8783784322082078,1.0172233196757476,0.0505839801960849,1.4895153045654297,1.824144559961777,0.4497164382646006,0.7191206843359691,0.6032035743216149,0.0,0.0,-0.7405279958793514,0.0258971029291146,26.982087029351128,0.3358412208492602,1.067399978637695,0.3357854816914051,0.9315398004319932,1.4895153045654297,2,0,0,0,0
154,1.4644189612872625,9.437575298498787,1.289830099172696,4.149913787841797,1.6307527553083967,4.052757118053821,1.216709456305138,1.4188138722705967,0.0,0.0,-1.3945475381984298,0.2202114257305892,31.34941418965657,5.080299048945579,6.206855773925781,1.1766923797062554,1.079763306511773,4.149913787841797,0,0,0,0,0
155,1.6681508113364494,2.1483225146812583,0.117615641102809,1.919565200805664,1.4906224081597987,1.02451652916338,0.9975128831120768,0.7213150518187196,0.0,0.0,-1.176335221182411,0.0902944012553722,34.26341533660889,1.0588153538065792,6.158819198608398,1.45039969252375,0.7245429356892904,1.919565200805664,0,0,0,0,0
156,1.6157948127077435,19.420724383205062,2.885202861064357,2.909736633300781,1.929542747220703,4.258353806566487,0.7158807175126912,1.2000534790470196,0.0,0.0,-1.3159247957055782,0.1642328450669527,32.63539738125272,4.014335496501211,4.88494873046875,0.9776098478501252,0.6030726432800293,2.909736633300781,0,0,2,0,0
157,0.1855716579643098,11.036150867593996,1.9077968675645791,7.640552520751953,2.3539897185737586,5.939290836126566,2.09156816118036,1.2650720250987977,2.0,0.0555555540123457,-1.7716542330021574,0.6122729452780935,22.82756911383735,7.663522871081076,8.279800415039062,1.895425038312712,1.7147016525268557,7.640552520751953,0,0,2,0,0
158,1.803268104984284,20.425557385148743,3.876332023174504,2.765960693359375,3.15878187710296,5.553530141211957,1.069172029620764,1.5309153650895977,0.0,0.0,-1.276174379656158,0.2843353014005868,29.394795629713272,6.1888758987771615,3.935060501098633,0.8940996700891101,1.7305273479885526,2.765960693359375,0,0,2,0,0
159,0.3320249637300587,205.0598005458688,33.34525626584463,3.244476318359375,16.732472276583774,6.749658436275772,1.3905881508875513,1.1101164995243504,1.0,0.0277777770061728,-1.3274424573712658,0.5171567608788871,27.70990212758382,8.797205053328861,5.183067321777344,1.1849267628662417,0.9591219160291884,3.244476318359375,0,0,1,0,0
160,1.1726433659272029,1.7000814788748762,0.1428125161593649,2.1308517456054688,1.4923383769275371,2.3331436555720706,0.9164978825044984,1.226436728185312,0.0,0.0,-0.7459172202668696,0.1025751268201819,41.90582858191596,2.610567019385432,3.0579566955566406,0.7053074671093478,0.6705617904663086,2.1308517456054688,2,0,0,0,0
161,1.2285080391108116,1.679083134123057,0.1357052111139121,1.91523551940918,1.598689604074589,2.0519771689505824,0.942515050766829,0.9177020452493476,0.0,0.0,-0.7339320091918817,0.0707424875316204,42.79337035285102,1.8334078483615688,3.066978454589844,1.0352206323917093,1.0956160227457683,1.91523551940918,1,0,1,0,0
162,1.351031046586583,1.8266951348044331,0.1486788947397383,2.1646881103515625,1.6909762079828818,1.0161075978590812,0.8861081675316643,0.9841083912202888,0.0,0.0,-0.7198919139299925,0.0640914646765494,45.19052452511258,1.0361891854869365,2.2571849822998047,0.8288106725963406,1.1027648713853624,2.1646881103515625,1,0,1,0,0
163,0.6511088789527555,11.28844063385852,1.7093521950587456,3.836669921875,3.106599506281557,4.666287769313064,1.4227752069336568,1.9472246652849765,1.0,0.0277777770061728,-1.095853295278086,0.2643436306782081,18.28741921318902,5.8666799181565485,1.730661392211914,0.4526791497637751,2.274795903099908,3.836669921875,2,0,2,0,0
164,0.5788528509963314,4.734136063968986,0.8233481290108858,3.945302963256836,2.2198118585916,5.386409741189051,1.5919475597470265,1.2350226522351473,1.0,0.0277777770061728,-1.1193946322546575,0.2911605151740417,18.38390350341797,6.229863814187994,3.7092113494873047,0.7605101987087521,2.545269330342611,3.945302963256836,2,0,2,0,0
165,0.318941544472845,6.021582327064012,0.9204382440647698,4.117336273193359,2.787787100240868,5.715514139912882,1.8493123856539144,1.440942728963664,3.0,0.0833333310185185,-1.7418913429679133,0.7142194014495789,17.87465943230523,5.802930497326909,1.9605255126953125,0.4970232709894402,2.0942478709750705,4.117336273193359,2,0,2,0,0
166,2.0130525231047693,2.266199598547174,0.0512330360961358,1.4821720123291016,1.4312227092802263,0.4586530660908387,0.890829027434062,0.9275053168187252,0.0,0.0,-1.3664443405464244,0.0430711144724625,37.49220053354899,0.2244408250390177,1.9074249267578125,0.4684815496348653,0.690460999806722,1.4821720123291016,0,0,0,0,0
167,2.1941603775689407,2.453175525858858,0.0577115096059426,1.2412738800048828,1.457819642634712,0.7793380256736678,0.7933588395673191,1.0159367901126732,0.0,0.0,-1.4026539459111858,0.030430934828249,36.90667205386691,0.548684882852246,1.7026329040527344,0.4588929107629835,0.4286736912197537,1.2412738800048828,0,0,0,0,0
168,1.97781394043472,2.200648848583447,0.0410504203959767,1.169729232788086,1.479115874950412,1.1689352121597876,1.1909440209853173,1.151246086669377,0.0,0.0,-1.2969974405922813,0.035597025797275,37.34370602501763,1.0469815884633276,1.2081241607666016,0.3037995325351108,0.5932858255174425,1.169729232788086,0,0,0,0,0
169,1.4531827559392645,1.8302969458710487,0.0968792558171474,1.925363540649414,1.5321401258522656,1.0708240774773632,0.2976100131840627,0.429108544510905,0.0,0.0,-1.223182246260024,0.0729469846807271,29.763176176283096,0.7741855764253133,1.7742919921875,0.5893676479555601,0.8644109302096896,1.925363540649414,0,0,0,0,0
170,1.3021274309495137,2.321812210794405,0.2583427168099263,2.482919692993164,1.5411291841061627,1.9881784661796809,0.5462478124060862,0.7506283723980429,0.0,0.0,-1.1776793567225388,0.0969272596167998,30.06677786509196,2.0420717725027986,3.0630016326904297,0.8330416380595894,1.7636760075887044,2.482919692993164,0,0,0,0,0
171,1.3134766594532652,1.7608717540805026,0.1481922325588463,1.915445327758789,1.4530668301033431,1.03805922941343,0.4072479775439516,0.9938054715873602,0.0,0.0,-1.1619761384824074,0.1189330999927548,30.74759801228841,0.8997969301139369,2.504711151123047,0.6884306145271416,1.4083899392022028,1.915445327758789,0,0,0,0,0
172,1.8954313577764967,2.6573302489292163,0.1727297545057809,1.3054466247558594,1.7071266720011655,0.806999976570762,0.3006712874740501,0.7152967887395162,0.0,0.0,-1.006310975582999,0.0426463594406342,39.46624967787001,0.3344875172533072,1.83563232421875,0.5274501487526352,0.4361266560024685,1.3054466247558594,0,0,0,0,0
173,1.839651286792392,2.6327065565871366,0.1947975200321862,2.0798873901367188,1.6105541320570975,0.9527017270684504,0.2618868839461098,0.525384081027667,0.0,0.0,-1.050983807651602,0.038508790849207,37.72014405992296,0.5140278131966651,1.622514724731445,0.5121772854100152,0.9537651803758408,2.0798873901367188,0,0,1,0,0
174,1.80551660675087,2.109566055551853,0.1130690601346135,1.7017841339111328,1.4859907933725536,0.432257803608215,0.2969047203151529,0.5608061777385492,0.0,0.0,-1.0321442410576254,0.0320591299572866,39.66842068566216,0.375123684337471,1.94671630859375,0.5358533254193576,0.9282231330871582,1.7017841339111328,0,0,0,0,0
175,1.247352139095426,2.0605183861277934,0.2057109856095974,2.701435089111328,1.6037061406681627,1.7233043439523428,0.8470988044572563,1.614637292323803,0.0,0.0,-1.063257794389573,0.0824511229800235,25.888435045878094,2.074391647387503,2.170867919921875,0.6669763163338648,1.5651559829711914,2.701435089111328,0,0,0,1,0
176,1.4607407264708765,1.838771892403395,0.118538116473432,1.8817901611328125,1.6292714577995298,1.459544157356429,0.4341666464471419,0.977579159385022,0.0,0.0,-1.121261306210508,0.0474358221280935,25.614047050476078,1.3566217259987308,2.0870018005371094,0.4708500532792324,0.6329674190945096,1.8817901611328125,0,0,0,0,0
177,1.5154292246041317,43.339554989210825,6.953874617717431,1.6963768005371094,2.875557159065839,3.9813735448384886,0.4702668309629835,0.5655916361304091,0.0,0.0,-1.1368520919074978,0.1616002117656862,23.540820015801323,3.914884013521815,2.719717025756836,0.6536655345095799,0.8124958144293891,1.6963768005371094,0,0,0,0,0
178,1.6525717496826249,16.718286769742804,2.4696665115514795,6.830272674560547,2.9033984555985635,7.407629558854099,0.5513771181180152,1.121101459503037,0.0,0.0,-1.454665626002015,0.2901718062443656,33.41763072543674,8.86621763401679,2.743759155273437,0.7127347563430834,2.993616263071696,6.830272674560547,0,0,0,2,0
179,0.6896316363849117,22.52913387824685,3.486282177061286,3.0353260040283203,2.249053129393381,7.122896884696575,1.5358132722586266,2.3527754742255,1.0,0.0277777770061728,-2.131261071625424,0.6903045422251577,33.96396742926704,7.552777498070965,2.1797657012939453,0.5689722640430904,1.5502087275187175,3.0353260040283203,0,0,0,2,0
180,0.7835947693832371,6.14834285167636,0.957061583013006,7.089805603027344,1.8563464866431287,7.128573955072968,0.909878793670366,1.2980215250715583,0.0,0.0,-1.4316589147786531,0.4381294125925568,24.82714229159885,8.534786604026857,2.1817493438720703,0.7001487293176321,1.5787167019314237,7.089805603027344,0,0,0,2,0
181,1.760930379885276,2.396967291895276,0.1333794909554133,2.2977352142333984,1.6652460864716236,2.273326158907561,0.4375437023113188,0.5660610701220536,0.0,0.0,-1.2039258547603997,0.0445887756766531,32.61933962504069,1.8179716560711088,2.075510025024414,0.5777994398127603,1.4723430739508734,2.2977352142333984,0,0,0,2,0
182,1.8607326956185264,9.622017614792483,1.3836848926370513,4.371089935302734,1.8867762733485904,5.847425067070728,0.2982990662050775,1.339206320741981,0.0,0.0,-1.4247096204464087,0.2301320520103039,30.75496832529704,5.744330354074711,1.4981460571289062,0.3848428197939985,1.2252563900417752,4.371089935302734,0,0,0,1,0
183,1.3072281848706202,4.455152924660016,0.7682246420240976,4.821949005126953,2.1916968234594005,7.376229278436183,0.6794814947162541,0.875123940081718,0.0,0.0,-1.5174362336232723,0.4634192624000184,28.33982255723741,8.226152494673558,2.8284358978271484,0.7101257795493037,1.2302197350396051,4.821949005126953,0,0,0,1,0
184,1.2559919115326923,1.6050707941829387,0.0933651316868908,3.120574951171875,1.6772893080053448,0.6229228455591875,0.7609081127877109,1.703805323830131,0.0,0.0,-1.1489896664690895,0.0888608808865608,44.3416420618693,0.2197562368198664,6.0552978515625,1.618551499418864,1.0229084226820204,3.120574951171875,0,0,0,0,0
185,1.8129746416589203,2.5885926632939964,0.2453848806023054,2.7906227111816406,1.5977545182520745,1.0424294826626952,0.8166255105514914,1.2152244822652687,0.0,0.0,-1.0817113819043056,0.1079852530290404,69.48164198133681,0.6088771306319719,5.858678817749023,2.002308396628709,1.1960959434509275,2.7906227111816406,0,0,0,0,0
186,2.6188947718051256,3.1458978826033697,0.1706658940035902,4.433603286743164,1.7328015737350355,0.4342668637968462,0.3821123606268079,0.5467627113198856,0.0,0.0,-1.2143096825193875,0.0891594217874353,65.98371929592557,0.636145268190922,4.446325302124023,1.186096906747932,2.857364018758138,4.433603286743164,0,0,0,0,0
187,1.5791978384296652,2.0173326137283065,0.1306276588013819,22.21120834350586,1.2868129570246487,0.6081277397928979,0.3500866649915028,0.7076193998223527,0.0,0.0,-1.0323447262208572,0.0608810185375392,52.68314997355143,0.5597393405350007,7.378387451171875,1.64542549750067,18.797545697953964,22.21120834350586,0,0,0,0,0
188,2.267021631941625,2.736605987550044,0.1430058421222489,13.63994598388672,1.5828972887087265,6.960444810930484,6.491025122563631,4.580110490292953,0.0,0.0,-1.171775153368117,0.076621773978337,116.52129862043591,5.335122807823172,8.016910552978516,2.355307830774998,6.622915003034803,13.63994598388672,0,0,0,0,0
189,2.2638866409683573,3.073956250710161,0.2618058685268464,6.317501068115234,1.5072225940204405,1.8106411881302231,0.8437047389090612,0.7920835131215278,0.0,0.0,-1.2440420073253884,0.1235221999000103,95.5523501502143,1.0060611840005904,4.207706451416016,1.6170206657803263,2.064398924509684,6.317501068115234,0,0,0,0,0
190,1.9393933528334597,4.069633599380657,0.4708441484843583,17.268400192260742,1.529830508498213,2.745604832931204,1.9818239520632208,1.0965580104251968,0.0,0.0,-1.1958059800022536,0.149770048722052,50.73752010569853,1.4576069271301493,11.441688537597656,2.8077971455502304,11.328093865338491,17.268400192260742,0,0,0,0,0
191,2.486246709158433,2.906669550982413,0.1359821885212918,5.153560638427734,1.5986458697401618,0.4259385578067445,0.6154516085725591,1.4157437831438937,0.0,0.0,-1.3347406286127217,0.0691814075863144,81.95759031507704,1.1246617982355538,9.052324295043944,3.1815127264088328,2.9808221922980414,5.153560638427734,0,0,0,0,0
192,2.426396702873902,3.084609918920482,0.1732309728695146,2.7614784240722656,1.6288742784851638,0.4010405522286198,0.3691288346968929,1.0723721046068266,0.0,0.0,-1.2782250438885223,0.0428059778712322,64.48544820149739,0.8920382268120024,3.2730674743652344,1.0608201279518952,1.748671531677246,2.7614784240722656,0,0,0,0,0
193,2.736076428585677,3.0182993911358094,0.0874944179842282,3.116283416748047,1.509220790890076,1.4011976263245554,0.3433609229547765,0.9513072736432064,0.0,0.0,-1.1969257101323207,0.0136490289064657,106.22545189327664,1.507327885007266,6.422567367553711,2.213341328627602,1.8241259786817765,3.116283416748047,0,0,0,0,0
194,0.0620370280229337,4.219043130997777,0.8016922057583531,24.75238800048828,1.559446777186695,14.377254089255374,1.2843300114393823,1.846698746129824,2.0,0.0555555540123457,-1.397785898232183,0.6543540460945368,50.26314841376411,19.59029956654764,6.233806610107422,1.7476544938761436,12.537185880872938,24.75238800048828,0,0,0,0,0
195,1.9669842511783373,2.34607643335921,0.1257421890638506,16.113548278808594,1.6418964550002637,17.36107877346841,4.148967528977764,10.65868700788715,0.0,0.0,-1.294631164848297,0.0571889156151589,50.042606353759766,0.7832016057582548,216.20283126831052,95.1174002376001,12.165103488498264,31.71222686767578,0,0,0,0,0
196,0.2053142912662598,0.9993827310666838,0.1518906040710775,14.332904815673828,1.7412657926605126,7.098901158592037,0.6838273531733254,2.1591745186421907,5.0,0.1388888850308643,0.7320534468595394,0.1831116057836933,28.257721794976128,8.063833557251053,29.19031143188477,9.981365769035964,6.812000804477268,14.332904815673828,0,0,0,0,0
197,1.1434029616770505,2.077431921588348,0.2879888714227041,9.646329879760742,1.3710091473568178,3.744728315010226,1.411497060948241,3.555393432817108,0.0,0.0,-1.0880342360714272,0.1881426813292995,44.29370986090766,5.308799397690089,3.8519287109375,1.0057172623244237,5.456192228529188,9.646329879760742,0,0,0,0,0
198,1.4650478880420614,2.712445807167135,0.433492847426758,6.045827865600586,1.5921930532092958,1.369278565026085,0.4552680986102125,0.803331893196173,0.0,0.0,-1.1424774304453942,0.2498423279892052,58.90048450893826,1.01280413817811,2.1215057373046875,0.681721684473345,3.704109456804064,6.045827865600586,0,0,0,0,0
199,0.8420568398381746,3.920919601544905,0.5629345131838479,6.591892242431641,1.9134676268892543,48.66131863904741,2.0557856792720828,5.791958917094443,0.0,0.0,7.038489441741339,2.448831024768656,153.6891037887997,45.41027133359463,12.425494194030762,3.4391109001160745,1.8521673149532745,6.591892242431641,0,0,0,0,0
200,3.438476636570357,4.604769787825023,0.2612273515994153,5.053682327270508,1.4549722407687036,2.4723001773684827,2.012992252404159,3.478546200344858,0.0,0.0,-1.7264434307778636,0.0600587667101889,142.09379302130804,1.222388492354454,10.85200309753418,3.5932696608271506,1.8948101997375488,5.053682327270508,0,0,0,0,0
201,1.925079311513372,2.5813900692163787,0.1872673035469754,24.130353927612305,1.6755036904263156,2.9846737939677657,1.8177845348002024,2.124818905517333,0.0,0.0,-1.0564455043088965,0.10317907401327,76.85679382748074,1.9177179470166648,14.798784255981444,4.924399956848238,17.821580833858913,24.130353927612305,0,0,0,0,0
202,2.228814129045452,2.696944929694112,0.1354068360467946,4.547929763793945,1.5522270798709654,1.4045228744220255,0.6245169941627096,0.882535550375808,0.0,0.0,-0.941506061054739,0.0535205848256304,99.96361467573378,0.760483762450425,4.809637069702148,1.05977476110974,3.3008133040534124,4.547929763793945,0,0,0,0,0
203,2.200507492392292,2.8311920010680884,0.1574217574239547,1.8935012817382808,1.475329993068276,1.1244514965130996,1.1224017781317557,0.8171446231065457,0.0,0.0,-0.9084868834596082,0.0416430927940359,100.25452507866754,1.0022635589833628,4.700784683227539,1.309390807045265,0.818221304151747,1.8935012817382808,0,0,0,0,0
204,2.191389785301697,2.659230373360101,0.1452694387636456,1.807260513305664,1.48534104354579,1.3711964020201264,0.9977905837410892,0.8561438610430302,0.0,0.0,-0.9592827263929712,0.0529887246033883,96.95854292975532,0.8173940785753466,3.449573516845703,0.7899583966897946,0.4904471503363715,1.807260513305664,0,0,0,0,0
205,0.4583009099028231,1.0710152109116862,0.1906617582917057,40.3195858001709,1.3601791722613925,8.207570909157875,1.264064753947136,3.375911533459585,2.0,0.285714244897965,-0.4563995487486704,0.0965477873798185,20.00182015555245,1.9856393488193056,18.62518310546875,4.107508855039666,42.77818918228149,53.62428665161133,0,0,0,0,0
206,3.4767683642747262,4.613128372094816,0.3099563223715443,6.544008255004883,1.6625114118780764,5.339666561873842,1.8052958438961668,3.2896141896016,0.0,0.0,-1.9111616603263195,0.0645928021717893,128.98562378353543,5.083527315582519,11.510343551635742,3.7878692820995767,4.4823341899447975,6.544008255004883,0,0,0,0,0
207,2.471530052484727,2.889137403073534,0.1264042130338741,8.051109313964844,1.652619416369433,3.76532382098744,2.6084578459285743,2.8787113189003195,0.0,0.0,-1.295165349460544,0.0564851174918648,88.26199054718018,1.3785208032225196,3.712692260742188,0.8906198073755691,6.760962804158528,8.051109313964844,0,0,0,0,0
208,1.617108972082294,2.548084248111922,0.2322971095690307,10.480165481567385,1.706134503911394,4.223080730588951,1.7800764945320104,4.559906685346276,0.0,0.0,-0.9763967700262008,0.1125836228592525,76.92863199445937,4.536182079025458,2.5363922119140625,0.527317972733875,7.708149221208361,10.480165481567385,1,0,0,0,0
209,1.574086225420006,2.5116942574344585,0.2325347665953112,10.625410079956056,1.5908941174813884,2.063765951816633,0.977064645399586,1.033624875045611,0.0,0.0,-1.1411985476972475,0.1502209385560582,71.38504346211751,2.4410026336098034,8.481321334838867,2.1649197198561048,6.638725333743626,10.625410079956056,0,0,0,0,0
210,2.0333318554941955,2.6328494316701896,0.1901350489494868,12.397937774658203,1.441313479795912,1.9268342089639372,1.6755566931033037,1.7871584314214852,0.0,0.0,-1.324062356616447,0.1283923060522238,68.72910446590848,1.020180563510147,5.075483322143555,1.4164661832455394,8.73775084813436,12.397937774658203,0,0,0,0,0
211,1.4488236853697274,4.622155161478468,0.7278566504461113,35.81530570983887,1.136629568273987,1.4103557490112564,0.7054170752258703,0.8737427700525857,0.0,0.0,-0.7265476186228241,0.1460734225892678,55.37921269734701,1.1293588036878002,21.770248413085938,6.895646373482892,30.31201786465115,35.81530570983887,0,0,0,0,0
212,0.3150699025190287,3.698042526052787,0.7535461563935536,25.51929473876953,1.4790032700821207,16.91357662725771,1.977732298159604,2.746343339366389,3.0,0.0833333310185185,-1.1175143275929318,0.5891589470495232,37.16418902079264,15.093873291807288,29.519052505493164,10.105412298766868,19.20390182071262,25.51929473876953,0,0,0,0,0
213,1.4056841905341355,2.091249046114769,0.1949244744959468,33.836984634399414,1.3303845373896093,1.6556242627993762,0.7677235188086936,1.4759160093625503,0.0,0.0,-0.978720861920089,0.0715787973225219,66.93220774332683,0.8694173871424173,18.86469841003418,5.8026991404121615,26.60482936435276,33.836984634399414,0,0,0,0,0
214,1.806645872512784,2.8114934264813263,0.237046292854142,21.74335479736328,1.5087943212732229,9.49346308241202,1.5882021263591324,2.077467910753914,0.0,0.0,-1.1926217196570787,0.1417940813215538,78.09754371643066,5.765771726319906,8.93646240234375,2.15331500226426,18.33858437008328,21.74335479736328,0,0,0,0,0
215,1.3340023193178334,1.9908164668436887,0.1504977888244034,30.686607360839844,1.6357777693700948,4.399912285292477,1.5927301049418412,1.736555433151573,0.0,0.0,-1.330645344445504,0.0924276030525642,54.87857977549235,4.350432994447859,13.40373992919922,3.0334632322149893,24.522254202100967,30.686607360839844,0,0,0,0,0
216,1.3724769677168531,1.6570155986714947,0.0781622222016087,38.74761581420898,1.514846822617097,2.9254449416616493,2.502145473915125,2.0918438004051505,0.0,0.0,-1.2323297077058135,0.0663039937840037,45.7238335079617,4.040997467655351,27.994213104248047,7.079882569494532,30.246193673875595,38.74761581420898,0,0,0,0,0
217,1.9068692781434229,2.649178969379441,0.2138861006399278,29.665193557739254,1.4105766105863466,1.784428099792275,1.5185938079193415,1.0589278544952991,0.0,0.0,-1.011377242984499,0.0613264570699917,75.66955354478624,1.578009063519176,6.135091781616211,1.731466970371684,25.82116550869412,29.665193557739254,0,0,0,0,0
218,1.185826013088199,1.5321953755714497,0.0762797547284927,13.61302375793457,1.6462378417204797,4.411666653147376,1.0706326634626948,0.5840164298529464,0.0,0.0,-0.9761353294959096,0.0637140251421433,54.79737175835504,3.973129367998812,7.45814323425293,1.5860832724101972,9.76703961690267,13.61302375793457,0,0,0,0,0
219,1.4335286703863823,1.9089967537444303,0.1547212984974871,26.949405670166016,1.4098601853496624,1.2226279698536262,0.922364039131662,1.216264186688159,0.0,0.0,-1.1314616838050822,0.1111720713582054,62.95168611738417,1.566521125610656,17.27778434753418,3.2667301528793757,23.933877415127224,26.949405670166016,0,0,0,0,0
220,2.26886703901862,2.9283383003050494,0.1738486230059514,28.47844123840332,1.4143060007070007,4.4967028685121,1.97534334455853,4.408310166203671,0.0,0.0,-1.2259284909415633,0.0753834769510978,80.06774796379938,3.26641072556716,10.186758041381836,2.8892617129252387,25.30004978179932,28.47844123840332,0,0,0,0,2
221,0.1784980976966473,2.606148660458813,0.6147178360676299,43.8212776184082,1.4296089664035518,35.38598457958899,2.399981288551728,5.536904376383281,4.0,0.1818181735537193,-1.4846744001124903,0.7464768549571474,34.80308099226518,32.05442373587131,27.624378204345703,8.91401073708113,30.636483828226726,45.6928825378418,0,0,0,0,0
222,1.6609815585506915,2.587960218622844,0.3361443902029329,37.68421173095703,1.3898784377956876,1.804400049390931,0.700187232959709,0.6328972243024481,0.0,0.0,-1.150580546041369,0.1721457629308792,63.25357384151883,1.5562481588589268,13.561763763427734,4.254504337694377,27.02454619937473,37.68421173095703,0,0,0,0,0
223,0.1182705799935662,13.16843131414961,2.047512242284821,141.98846817016602,1.284879695483744,31.551950707202472,4.712731130626587,4.042450390575892,2.0,0.0571428555102041,-1.4965823991004907,0.7977892781801036,51.74231284005301,37.603288199883245,100.95534324645996,40.44372252031964,52.7879171901279,141.98846817016602,0,0,0,0,0
223,0.7926076076592985,38.84939402412827,8.291381452230956,146.7741870880127,18.22146644195473,12.518682395877889,1.1479193855695369,4.856570678393367,0.0,0.0,1.4063064750686112,0.5434072674392998,14.062906371222605,10.001202726029875,18.414793014526367,4.822661347335484,136.35328544510736,146.7741870880127,0,0,0,0,0
224,3.601738818415943,4.397782921214208,0.2082531894925515,12.737274169921877,1.7197917043934037,6.115691849155791,2.3332047023409035,4.420154941967578,0.0,0.0,-1.7407780561558863,0.0383065008564508,167.8517156177097,6.0440231867876,12.189350128173828,4.784691154134947,6.868464681837294,12.737274169921877,0,0,0,0,0
225,2.1082268630278183,2.44611337881722,0.0858880495664706,16.052427291870117,1.4402149809064264,2.4998666013944835,0.5045435794432944,0.512723270152286,0.0,0.0,-1.348690671694874,0.0696499685954676,60.01731448703342,1.103048709791851,5.105009078979492,1.6065735775529664,10.66128757264879,16.052427291870117,0,0,0,0,0
226,1.8706127443479308,2.723983631779453,0.2972599849952975,1.3341522216796875,1.6219781815369605,0.2662923133302935,0.725112789157458,1.030215521842697,0.0,0.0,-1.056773917037559,0.1423312120766807,82.69387986924913,0.8056141174621568,3.1065845489501958,0.7335606506190544,0.8103638225131564,1.3341522216796875,0,0,0,0,0
227,2.2342819973682757,2.8543696077825245,0.158719634134473,7.446880340576172,1.5646352890221378,1.5034233150145062,0.5670725254548633,1.64887272185725,0.0,0.0,-1.140456792768386,0.0632013335957652,104.49210219913058,1.2862719306895525,3.604192733764648,1.0595400387933571,2.5975759824117026,7.446880340576172,0,0,0,0,0
228,2.5630787174588203,3.014862714196619,0.1347615742610884,2.99835205078125,1.6040813771525555,0.9086215929150204,0.5804305319302838,0.5736415198272306,0.0,0.0,-1.92922209930544,0.0654994707556789,48.24973848130968,0.5677758893633422,1.1076164245605469,0.2776336417234196,2.2497341367933483,2.99835205078125,0,0,0,0,0
229,2.0770244328432166,2.4070400428488696,0.0895321934425719,30.183353424072266,1.3475641662961946,0.7036719654459015,1.3131712560427775,0.7311668186400275,0.0,0.0,-1.4266956888887503,0.0806872435709742,66.97601689232721,1.0234565028637237,12.773056030273438,4.127024728662104,26.335357824961346,30.183353424072266,0,0,0,0,0
230,0.6041660243907016,206.1740988813004,33.49966231231748,17.39720344543457,6.666657661517981,11.819463403842438,2.328075644099998,3.4169673247504537,1.0,0.0277777770061728,2.506621611448637,0.977405500618526,46.13954544067383,11.844044932381612,10.827560424804688,2.553224858830492,11.917917728424072,17.39720344543457,0,0,0,0,0
231,1.6448819469503613,2.540705057229593,0.3115249771926823,1.756486892700195,1.599694655006694,1.3168239501099572,0.3408376424569698,1.203925066480495,0.0,0.0,-1.1059172818289258,0.1565048972991868,80.86998727586534,1.349588622132622,3.8135814666748047,1.1616441295630566,0.6222322252061632,1.756486892700195,0,0,0,0,0
232,0.8673552841825829,1.395484176536553,0.1576226243182751,16.024465560913086,1.2147127599789025,8.623201594929679,7.699110228195872,12.837182073706767,0.0,0.0,-1.5343497249403617,0.1156984477902262,39.447217668805806,8.418591612484642,14.88117218017578,3.386970466642187,6.66455798678928,16.024465560913086,0,0,0,0,0
233,1.4163834347854911,2.107280584555074,0.1817837316586055,7.390604019165039,1.5756683201335275,9.486267221004,2.842852196278814,2.426171727491573,0.0,0.0,-1.3745666759600914,0.1025599342593867,53.58423391977946,10.03934681701514,13.363819122314451,4.517347849526884,2.638053629133436,7.390604019165039,0,0,0,0,0
234,1.8465656841079587,2.572147006081707,0.1974365556321873,5.9722900390625,1.5130686543884213,9.055650729144956,3.694911020272552,4.865740019009877,0.0,0.0,-1.3546481626092497,0.0815367550673131,87.98902882470026,7.492730470622099,8.226709365844727,2.1810718865511207,3.064795864952935,5.9722900390625,0,0,0,0,0
235,0.2914531642385052,1.2671389373476294,0.2736056502352436,12.41480827331543,1.5484439435704844,11.472020342613368,1.6461662668710213,1.8822622787383017,16.0,0.4444444320987658,-0.9105465667259932,0.3692424782790983,29.95332929823134,13.04145123336841,11.098995208740234,3.2246173765805173,6.177243656582302,12.41480827331543,0,0,0,0,0
236,1.347263960681634,1.9606792074586703,0.1545240106762204,16.297388076782227,1.5656272475249895,11.639742915509991,3.639075288463943,6.623771236540013,0.0,0.0,-1.315598824313664,0.1403742643392777,58.553997145758736,10.49522577535916,6.614694595336914,1.8967228458474987,10.685913032955591,16.297388076782227,0,0,0,0,0
237,0.9951996941963824,14.658212724337885,2.1446609108831223,13.267593383789062,2.04327918728944,12.781613418237662,1.1195887383748742,2.533167124185677,0.0,0.0,-1.0467466612772454,0.4397140083650525,38.19918420579698,13.816024640753758,16.580963134765625,3.734487707940483,4.582505755954319,13.267593383789062,0,0,0,0,0
238,2.021377971880521,2.53673788777509,0.1614234859063379,1.3582801818847656,1.6829509518922905,1.9540173843417017,0.8179543112045518,0.8754383539737343,0.0,0.0,-1.2894897764666875,0.0834586630211344,55.9830994076199,0.7487130675742029,3.82990837097168,1.1773050009530974,0.5022348297966851,1.3582801818847656,0,0,0,0,0
239,1.8121207018563603,2.2293979744595536,0.1197491173505443,2.6075267791748047,1.5429716620648173,1.2022925094402546,0.9183064698503924,1.1500333746585252,0.0,0.0,-1.0239378084737618,0.0593605747658983,70.57990815904405,0.2336547351051523,4.835710525512695,1.3876705367436757,1.378388139936659,2.6075267791748047,0,0,0,0,2
241,1.7670186615225854,2.093729731662996,0.0974732058055984,1.162004470825195,1.611405031531681,1.754479279038852,0.6100915503166146,0.4020252306782114,0.0,0.0,-1.3755838727195069,0.0545571714550341,48.63723648919,0.7710270842376885,3.379802703857422,0.9476268455912242,0.5811895264519585,1.162004470825195,0,0,0,0,0
242,1.4491477823648693,1.7625521634616834,0.0726542808042419,9.537172317504885,1.5108479841668172,1.390265752382293,0.9927759646628742,0.8469982821131447,0.0,0.0,-1.1241923370570912,0.0545556308306052,32.88824028438992,0.4577200629841841,8.41592788696289,2.1151326006869606,6.906189918518066,9.537172317504885,0,0,0,0,0
243,1.3875661451849048,1.9829573384448569,0.1526533629596144,16.134862899780273,1.508420793897877,1.4280153110157328,2.5189291960712787,1.2784529702936367,0.0,0.0,-1.1605299373163616,0.0994698379926468,44.20844342973497,1.0789492962411265,13.014354705810549,3.352544552035651,11.56203481886122,16.134862899780273,0,0,0,0,0
244,1.6676360413466966,2.1379277386659488,0.1636924206297665,7.913475036621094,1.5390545299732872,1.52394467668458,0.7342883357913205,0.5277778172186915,0.0,0.0,-1.0017129316168707,0.0264434083767159,67.73847579956055,0.9323295164598114,7.901477813720703,2.252770104058952,4.870901107788086,7.913475036621094,0,0,0,0,0
245,1.1271122705756524,1.7886013062309882,0.2114378916930957,2.318859100341797,1.754100832529936,1.6021833564548578,1.1599932564201494,2.017778593773049,0.0,0.0,-1.1236051558591251,0.0928326928491911,55.48495080735948,1.7330671365526118,3.7044620513916016,1.0132907971968663,0.4537494977315267,2.318859100341797,0,0,0,0,0
246,1.4522291784336685,1.9250919568426257,0.1301719127014212,22.1466064453125,1.527351163271552,0.7989133689075778,0.8252847633850778,1.001955981360563,0.0,0.0,-1.0251166073130162,0.0351095127875948,53.28191492292616,1.1382912937140943,10.447978973388672,2.8722972889529794,18.178366820017494,22.1466064453125,0,0,0,0,0
247,2.2164624147809637,2.683997446326728,0.1306457875412058,7.807826995849609,1.5008240273938278,0.4995986331434597,0.875186405721194,1.1548463560947664,0.0,0.0,-1.2493226478744253,0.0803538183085887,61.7513910929362,0.9147529273010904,1.5117835998535156,0.4108184693111148,6.198376814524333,7.807826995849609,0,0,0,0,0
248,2.245978550318163,2.693520896629397,0.1666479337272534,2.36083984375,1.5984878728490737,0.5852283168823602,0.2185383824979911,0.6123753661639578,0.0,0.0,-1.3137533374397037,0.076358291501356,71.79648346371121,0.6010811224712952,3.306894302368164,1.1761396852332895,1.2386976348029242,2.36083984375,0,0,0,0,0
249,2.450920674460013,2.849218934585532,0.1217583609552608,22.87681579589844,1.6477635195545988,1.3135953861763117,0.5282902177323093,0.7849480209755741,0.0,0.0,-0.9692394683506106,0.0332907385986793,110.63226911756728,1.7313221269018635,4.396762847900391,1.590505239161057,19.186077647738987,22.87681579589844,0,0,0,0,2
250,2.2900695751189435,2.5283669773197515,0.0655894771126657,3.650379180908203,1.5315270686937934,0.7211171464620763,0.9019695863849024,0.7187853861734289,0.0,0.0,-1.3556503589425075,0.0436303254732109,66.05489253997803,1.1044722593525662,4.6710968017578125,1.363732914276414,3.047386540306939,3.650379180908203,0,0,0,0,0
251,2.807334908608133,3.2810322838159127,0.168949777622941,5.706300735473633,1.5292246927081887,1.807350306161129,1.441211834806902,3.260794976159437,0.0,0.0,-1.535585592206295,0.1079349007561502,119.86633989546034,1.6413760995412277,7.929773330688477,2.372062482028848,3.286836412217882,5.706300735473633,0,2,0,0,0
252,1.539308716521931,2.40879237707504,0.2547279986893434,10.36996841430664,1.659808824458806,4.325543127330351,1.220732374595744,1.6083921030328463,0.0,0.0,-1.852110021975276,0.2401483441879078,30.25658342573378,4.792794693914041,6.286220550537109,1.7707397498802333,7.216293546888563,10.36996841430664,0,0,0,0,0
253,2.1658400829731934,2.7916952620008693,0.1894309423794471,8.156261444091797,1.6931314023298598,2.4918361655468906,1.5493393881514936,1.602813623357855,0.0,0.0,-1.426334242760272,0.1276190697268973,54.29976675245497,2.173326355973732,11.841259002685549,3.599357127102094,4.1591225730048285,8.156261444091797,0,0,0,0,0
254,2.090487073344942,2.148742161507881,0.0140210810234766,1.5022850036621094,1.5504110764065042,0.4458336684603088,0.4558965833217206,0.5751845402692194,0.0,0.0,-0.8547046666043762,0.0054056543048639,65.68289068010118,0.3215888822473315,1.113872528076172,0.3900881934736683,1.1850391493903265,1.5022850036621094,0,0,0,0,0
255,2.2100506406047704,2.623177408974177,0.0791592561882253,1.754608154296875,1.4373653167710014,0.9086702256951218,0.5090803368087138,0.9123460611115592,0.0,0.0,-1.1913483469124413,0.0182625533742163,45.42754491170248,0.5575322421508083,2.8226470947265625,0.8557667533344944,0.8527194129096137,1.754608154296875,0,0,0,1,0
256,1.5462114964114522,17.90793061630986,2.8223141802234912,6.386775970458984,1.7940754608254668,3.9274697940374272,0.9021106979819512,1.4923378057769692,0.0,0.0,-1.048376103573342,0.1556647128551971,36.68686866760254,5.239864554876201,2.11883544921875,0.5130398097612039,0.9109814961751302,6.386775970458984,0,0,0,0,0
257,1.8860035542080125,2.274201557972686,0.1160644972934917,1.7870330810546875,1.5385888440766564,0.4864968210911843,0.2253538261251151,0.6386778867060772,0.0,0.0,-1.0226622308532445,0.0257902196697987,40.04058096143935,0.1182833311181969,1.5446281433105469,0.5016465914047992,1.03413634830051,1.7870330810546875,0,0,0,0,0
258,1.8055407989422076,2.4288830223411453,0.1121915083401945,3.207120895385742,1.311292795269211,0.7103084418628572,0.9175395068569588,0.99740022010037,0.0,0.0,-1.1550537857259804,0.0520531318262094,48.70679166581896,0.4237754692340326,2.89773941040039,0.7745608310685211,1.4264633920457628,3.207120895385742,0,0,0,0,0
259,1.7214469325375237,1.9711371725090527,0.060485966141482,0.9992790222167968,1.503403069312156,0.5445413074426654,0.3101521374049964,0.778774825195528,0.0,0.0,-1.196104868496322,0.0535121008922103,30.54997391170925,0.3792276296225692,2.586021423339844,0.8878358668371057,0.5625666512383355,0.9992790222167968,0,0,0,0,0
260,1.790117443688738,2.4600151470390754,0.1206538600365267,3.3610153198242188,1.346486888526609,1.467381915274689,0.7851498282295196,1.168024173173363,0.0,0.0,-1.1380612431984274,0.0587230205078251,49.05799123975966,0.3494300024012098,3.3545494079589844,0.9466111298168578,2.3467458619011774,3.3610153198242188,0,0,0,0,0
261,1.896643496729181,2.523508017917067,0.1256261306316318,2.995586395263672,1.2889255304944225,0.7263432290867722,0.7483459838651239,1.1164869298954214,0.0,0.0,-1.2226061934398325,0.0637134711662587,48.53754308488634,0.5338402471150411,1.5766048431396484,0.4002748327698602,2.1339334381951227,2.995586395263672,0,0,0,0,0
262,2.135429958220858,2.320868413885224,0.0407370041860012,1.590890884399414,1.4003085653224892,0.6777333842723239,0.4096759438445539,1.093031453099804,0.0,0.0,-1.1967573088149914,0.0316656182694549,42.549542321099175,0.1095877760638353,1.327924728393555,0.4051912707747906,1.0051393508911133,1.590890884399414,0,0,0,0,0
263,2.2145095557717065,2.3539532075162115,0.0443330791554436,0.8856678009033203,1.3919017652788186,0.8582643537715948,0.4317414061298919,0.6707754087591616,0.0,0.0,-1.2197306296689088,0.0242338075896904,42.62849648793539,0.4723048878097831,1.1565494537353516,0.3656926972445399,0.4468441009521484,0.8856678009033203,0,0,0,0,0
264,2.119489949192855,2.4131701443809823,0.0656359910417874,1.5729141235351562,1.3979411683683365,0.5399666945732053,0.3275566214087652,0.4859353550904187,0.0,0.0,-1.1986308014364468,0.0245619158203387,42.37200207180448,0.2825640759667955,2.7354812622070312,0.801337406418994,1.007383664449056,1.5729141235351562,0,0,0,0,0
265,0.8700279294319992,18.352220813703585,3.488522901458255,4.928531646728516,2.573674242293279,7.666672759721582,1.4491378320024924,2.194055456556724,0.0,0.0,-7.957097205706755,2.0890376851458194,35.53237756093343,8.697719555652577,3.544301986694336,0.8432620128591504,1.1534139845106337,4.928531646728516,0,0,0,0,0
266,1.7820438102309673,542.0318878546511,88.50902855053347,2.2640037536621094,11.35449117242565,6.857280594383181,1.1321926190295044,1.535967504775115,0.0,0.0,-1.7341669286161845,0.2651658866565901,39.4245179494222,7.698131155187272,4.595813751220703,1.1181927274280417,0.768446127573649,2.2640037536621094,0,0,0,0,0
267,2.215934457115477,2.765866782547001,0.1405567828640891,3.368368148803711,1.4311730337181834,1.4119251483992348,0.4463581256139324,0.3287059984646192,0.0,0.0,-1.2487175944326083,0.0789779064633699,41.87981446584066,0.6474541354209246,1.0959148406982422,0.2601491630887317,2.5790892706977,3.368368148803711,0,0,0,0,0
268,1.517646971238236,10.476864187178574,2.557256864158371,4.868898391723633,1.749685861989333,9.544121601886784,1.2517198900429345,2.437871374543044,0.0,0.0,-2.84562100950168,0.4889287879569506,34.394611252678764,10.46680166604514,3.243227005004883,0.8476891899073219,0.8915999200608995,4.868898391723633,0,0,0,0,0
269,2.2948694102030585,2.664732904420513,0.1016071780460918,3.18899154663086,1.4451640575379787,0.5180954253738651,0.3732134842111037,0.2777727575652019,0.0,0.0,-1.2435991451636077,0.0626216911013754,41.48476812574599,0.5032663987022168,1.7077255249023438,0.4903665827693745,2.8298147519429526,3.18899154663086,0,0,0,0,0
270,2.360927543915408,2.679432139418651,0.0927582152537628,2.748851776123047,1.4098742828729178,1.5850810341995534,0.454752354815701,0.1989581230075719,0.0,0.0,-1.2478615563903626,0.0612852527585262,42.541466289096405,1.0400154878251564,0.8950233459472656,0.2632937576621991,1.6969596015082464,2.748851776123047,0,0,0,0,0
271,1.7619992907315936,2.163312958415411,0.0984909480679955,1.9086837768554688,1.49376971515513,0.8156822920919293,0.5595018182694043,0.5609010136369573,0.0,0.0,-1.1121009449062855,0.0337401967110317,38.31073813968234,0.5597130236454343,1.879215240478516,0.5201779324378918,1.2825327449374728,1.9086837768554688,0,0,0,0,0
272,1.6603402194589283,2.1162727311171303,0.1009497825216156,2.188882827758789,1.5322409449297938,1.211729957694679,0.8377752730057133,0.7321137472346895,0.0,0.0,-1.078968626051435,0.0592523454302583,38.50870079464383,1.1701182674919088,2.8437423706054688,0.8834198861985136,1.46339840359158,2.188882827758789,0,0,0,0,0
273,1.722660778541277,2.286857871200734,0.1120334134897011,1.540679931640625,1.507615793368996,0.9378432275370538,0.8457745016922887,0.4775909367507582,0.0,0.0,-1.1138258158556864,0.0435074804019268,37.97878795199924,0.9326062181525412,0.6165790557861328,0.1722956129223685,0.9777773751152886,1.540679931640625,0,0,0,0,0
274,0.0615079956544804,85.91807122301695,14.474627434729197,4.030570983886719,4.630558066795143,5.892030374216569,0.6200047140659577,1.502817733040215,1.0,0.0277777770061728,-5.62009716749281,1.7278052317584167,31.42382462819417,5.586189387493767,2.186927795410156,0.6330572426777449,1.8055224418640137,4.030570983886719,0,0,0,0,0
275,1.8797487645569484,20.650072235856037,3.673849221801503,4.344167709350586,2.2451979346490645,6.167148726108005,0.5393288303675414,1.3516815644510305,0.0,0.0,-1.1394272752135697,0.1554088715345694,35.58394908905029,5.374979105784909,2.837085723876953,0.7289260413663956,2.4834850099351677,4.344167709350586,0,0,0,0,0
