video_name,knee_valgus,knee_varus,lateral_hip_shift,torso_lateral_lean,foot_stability
10,1,0,0,0,0
11,1,0,0,0,0
12,1,0,0,0,0
13,0,0,0,1,0
14,0,0,0,1,0
16,0,0,2,1,0
17,0,0,1,1,0
19,0,0,1,2,0
20,1,0,0,0,0
25,2,0,0,0,0
26,2,0,0,0,0
27,2,0,0,0,0
28,0,1,2,0,0
29,0,1,2,0,0
30,0,0,2,1,0
31,0,0,0,1,0
33,0,0,2,0,0
39,1,0,0,0,0
40,0,0,1,2,0
42,0,0,0,0,2
44,0,0,0,0,2
45,0,0,0,0,2
49,0,0,2,0,0
53,1,0,0,0,0
54,1,0,0,0,0
55,2,0,0,2,1
56,1,0,0,0,1
57,2,0,0,0,0
58,0,0,1,0,0
59,0,0,1,0,0
61,2,0,0,0,0
63,0,0,0,0,1
70,1,0,0,0,0
71,1,0,0,0,0
72,2,0,0,0,0
73,2,0,0,1,0
74,1,0,0,2,0
75,2,0,0,2,0
81,0,0,0,1,0
82,1,0,0,0,0
83,1,0,0,0,0
84,0,0,1,0,0
85,1,0,0,0,0
86,2,0,0,0,0
87,2,0,2,0,0
94,0,0,1,0,0
96,0,0,1,0,0
97,0,0,0,1,0
98,0,0,0,1,0
99,0,0,0,1,0
100,0,0,2,0,0
102,0,0,1,0,0
103,1,0,0,0,0
104,1,0,0,0,0
105,1,0,0,0,0
107,0,0,1,0,0
117,0,0,1,0,0
124,0,0,0,0,0
125,0,0,0,0,0
126,0,0,0,0,0
127,0,0,0,0,2
128,0,0,0,0,1
148,2,0,0,0,0
149,1,0,0,0,0
150,0,0,0,0,0
151,2,0,0,0,0
152,2,0,0,0,0
153,2,0,0,0,0
154,0,0,0,0,0
155,0,0,0,0,0
156,0,0,2,0,0
157,0,0,2,0,0
158,0,0,2,0,0
159,0,0,1,0,0
160,2,0,0,0,0
161,1,0,1,0,0
162,1,0,1,0,0
163,2,0,2,0,0
164,2,0,2,0,0
165,2,0,2,0,0
172,0,0,0,0,0
173,0,0,1,0,0
174,0,0,0,0,0
175,0,0,0,1,0
176,0,0,0,0,0
177,0,0,0,0,0
178,0,0,0,2,0
179,0,0,0,2,0
180,0,0,0,2,0
181,0,0,0,2,0
182,0,0,0,1,0
183,0,0,0,1,0
184,0,0,0,0,0
185,0,0,0,0,0
186,0,0,0,0,0
187,0,0,0,0,0
188,0,0,0,0,0
189,0,0,0,0,0
190,0,0,0,0,0
191,0,0,0,0,0
192,0,0,0,0,0
193,0,0,0,0,0
194,0,0,0,0,0
195,0,0,0,0,0
196,0,0,0,0,0
197,0,0,0,0,0
198,0,0,0,0,0
199,0,0,0,0,0
200,0,0,0,0,0
201,0,0,0,0,0
202,0,0,0,0,0
203,0,0,0,0,0
204,0,0,0,0,0
205,0,0,0,0,0
206,0,0,0,0,0
207,0,0,0,0,0
208,1,0,0,0,0
209,0,0,0,0,0
210,0,0,0,0,0
211,0,0,0,0,0
212,0,0,0,0,0
213,0,0,0,0,0
214,0,0,0,0,0
215,0,0,0,0,0
216,0,0,0,0,0
217,0,0,0,0,0
218,0,0,0,0,0
219,0,0,0,0,0
220,0,0,0,0,2
239,0,0,0,0,2
249,0,0,0,0,2
250,0,0,0,0,0
251,0,2,0,0,0
255,0,0,0,1,0
256,0,1,1,1,0
257,0,1,0,1,0
258,0,1,1,1,0
259,0,1,0,0,1
260,0,1,1,1,1
261,0,1,0,1,1
262,0,1,0,1,1
263,0,1,0,0,0
264,0,0,0,0,1
265,0,0,0,1,0
266,0,1,0,1,0
267,0,2,0,1,1
268,0,2,0,1,0
269,0,1,1,1,0
270,0,1,0,0,1
271,0,1,1,1,1
272,0,1,0,1,1
273,0,1,1,2,1
274,0,1,0,0,0
275,0,2,0,1,0
276,0,1,0,1,0
277,0,1,2,1,0
278,0,1,0,2,0
279,0,1,0,2,0
280,0,2,1,1,0
281,0,1,0,2,1
282,0,1,2,2,0
283,0,1,0,0,2
284,0,2,0,0,2
285,0,2,1,1,2
286,0,2,1,1,2
287,1,0,0,0,1
288,0,0,0,1,1
289,0,0,0,2,1
290,0,0,0,2,1
291,2,0,0,0,2
292,2,0,1,1,1
293,2,0,2,2,1
294,0,0,2,1,1
295,1,0,1,1,1
296,2,0,1,0,1
297,1,0,0,0,2
298,2,0,0,0,2
299,1,0,0,0,2
300,0,0,1,2,2
301,2,0,0,0,2
302,2,0,1,0,2
303,2,0,1,2,2
304,0,0,1,2,2
305,2,0,1,2,2
306,2,0,2,0,2
307,1,0,0,0,2
308,1,0,0,0,2
309,1,0,0,0,1
310,2,0,0,0,2
311,0,0,1,0,1
312,0,0,1,0,2
313,0,0,1,2,0
314,0,0,2,1,1
315,0,0,1,2,0
316,0,0,2,2,0
317,1,0,1,2,0
318,2,0,2,2,1
319,1,0,1,2,0
320,2,0,2,1,1
321,0,0,0,0,1
322,0,0,2,1,1
323,0,0,1,2,1
324,0,2,2,1,1
325,2,0,1,2,1
326,2,0,2,1,1
327,1,0,1,2,1
328,2,0,2,2,1
329,0,0,1,0,2
330,0,0,2,1,2
331,0,0,0,1,2
332,0,0,2,2,2
333,1,0,1,0,2
334,2,0,2,2,2
335,1,0,1,2,2
336,2,0,2,2,2
337,1,0,1,1,0
338,1,0,1,1,0
339,1,0,1,1,1
340,1,0,0,0,1
341,1,0,1,0,1
342,1,0,0,1,1
343,1,0,1,1,1
344,1,0,2,0,1
345,1,0,0,2,1
346,1,0,2,1,0
347,2,0,2,0,1
348,2,0,0,1,1
349,2,0,1,1,0
350,2,0,0,0,1
351,2,0,1,0,1
352,2,0,1,1,1
353,2,0,2,1,1
354,2,0,2,1,1
355,2,0,2,1,0
356,2,0,2,2,1