video_name,hip_min,hip_max,hip_rom,hip_speed,knee_min,knee_max,knee_rom,knee_speed,torso_peak
1,79.24444919094384,178.3102047621373,98.52022478467038,155.40256281309686,70.90150695158853,174.9362583624973,104.03475141090878,128.32549583511923,156.1637761442668
10,79.10555944445653,177.01150458987672,97.90594514542019,124.57928130860141,60.27484639759012,176.99291864243557,116.71807224484544,159.09850984262476,153.08824191577423
100,77.83376529797644,179.6056586428935,101.77189334491706,127.26807505302747,77.79582934993711,178.4957582280514,100.69992887811428,109.34782497143426,156.14612081792967
101,77.44813094616234,178.51567490454045,101.0265227834596,125.41793088498056,77.05406587988668,179.40325036121317,102.34918448132649,116.5636108117662,153.39954149407333
102,83.44924258779555,179.8278752142409,96.37863262644534,130.59019936874665,83.94046856464126,175.74165208627184,91.80118352163058,103.06356953959033,154.70921687576788
103,117.12859910602384,177.95722300277535,60.74529623735987,112.77887603674355,82.92130368130174,175.3307797001063,92.40947601880455,136.16837262313854,168.66614605475576
104,114.01069243244797,176.67274604268067,60.75129589644513,98.06020561548823,77.67515687232006,174.0658162580262,96.39065938570613,136.87045498876589,169.8754400433482
105,102.16937595525587,178.93926076888658,76.6163960368321,109.20069287618541,75.73772396937495,178.20250082469124,102.46477685531629,148.20904169267888,165.58561990770966
106,98.98964454119253,177.734189047905,78.74454450671247,105.42727319564871,82.96409082772342,175.9258162051841,92.96172537746068,114.42521148033595,172.511700998688
107,92.30673759989666,178.73765906654955,85.92852803636585,144.83175941348807,79.56955382681306,174.96849268733905,95.39893886052599,147.92876210899297,172.94319899239534
108,88.9127768714716,176.67762340745156,87.76484653597996,109.02857113004099,77.4554041316609,174.55687244206536,97.10146831040446,104.55420655094537,168.93077345765198
109,93.9110746235432,176.52730250657027,82.57390664971835,125.37022425432956,94.0084481738439,178.06096660827544,84.05251843443153,130.18041340036365,169.0080259411504
11,84.75718245387773,179.06491336964135,93.9894446570211,146.12399618627936,77.24595515619436,177.43113958201607,100.18518442582172,179.92649693522398,152.32796737173146
110,93.16109411132902,177.06306639034563,83.9019722790166,176.1389792906164,91.26652078821886,177.8877997796127,86.62127899139384,163.70486716160093,171.51020662884304
111,92.9721536662961,177.05912499405284,84.08697132775674,151.0513497919044,95.22318539257141,176.95579768841918,81.73261229584777,144.8937873721866,167.20833144145703
112,100.05108203891957,177.54726448698233,76.78600602196191,118.98303308161118,102.90527435330782,178.71112172330047,75.80584736999265,123.95011958579816,166.30460550889177
113,105.90807985235509,176.04866846687514,68.9593144581358,145.85224803669095,107.6624112049681,176.68409326532375,69.02168206035566,148.76801180849301,160.0761166610033
114,85.18103774157585,176.4179465108133,91.16110102936061,121.49005934028953,56.797397762580225,166.70199692427425,109.90459916169402,126.53338650059356,173.0953369719295
115,81.44037511232769,175.82085354171898,94.38047842939129,126.20752255454167,54.875558679227964,168.7597174679128,113.88415878868483,140.79554931653095,174.0821552765531
116,82.42248502108086,177.72819333730345,94.9713221024542,95.50190147168328,54.97239661526713,168.63209748145292,113.65970086618579,110.43115417613143,171.99146156505407
117,71.41171218768218,177.62632031880105,105.67000345884347,177.57474734245878,58.774353821310676,172.5599994297309,113.78564560842023,155.86019937535193,170.17181000692784
118,74.20222721435509,176.1610561058481,101.95882889149301,126.05374660758788,60.94942590469083,167.88041330236257,106.93098739767174,116.73693161779866,173.62198531548597
119,71.58196869657525,176.4879436346062,104.90597493803097,163.51115070041166,59.874386702056775,172.8683596301054,112.99397292804863,138.1231651195273,172.59273799442497
12,84.07932457893557,178.98403315649637,94.63426281997293,142.88742109725501,77.12784074243736,178.27142138506704,101.14358064262969,174.01853402131056,151.8873597873125
120,84.3559007437865,176.30823702804395,91.8641152898887,175.25888311716776,57.95789200136356,172.6293695944048,114.67147759304125,176.1537061813994,168.2404762629982
121,80.51775686384354,177.1506514405348,96.01634708067657,179.38853288283184,52.21634557763036,177.0702498750243,124.85390429739394,213.7867574229687,167.18078087346439
122,91.16349673370844,176.90509876787002,85.74160203416157,128.55924027599474,61.95087150194976,164.89010186477427,102.9392303628245,146.10612162462354,167.3826825777607
123,80.11865005738844,179.56532600435597,99.44667594696753,131.33469628056903,63.459452139995555,175.97185564725913,112.51240350726357,138.48697511679265,168.33352669236112
124,71.80319766298668,178.23555178557945,106.14247239044501,133.1764297686815,59.54044478708094,175.3953650603641,115.85492027328316,138.3380451898781,167.75238850593263
125,82.28621422972422,175.81831382208384,93.53209959235961,153.00896283937482,64.4583079704219,174.83104882941566,110.37274085899377,168.72899981102125,170.56396482036604
126,71.38328476412606,176.02622165748772,104.64293689336166,160.0660738150009,51.834763319417014,170.5180687824638,118.68330546304679,173.81684534009807,153.87169072061644
127,64.24373738249936,179.83145812578186,115.49619150986877,105.91783648987908,58.072871154861595,178.68724208983969,120.6143709349781,102.52656037872379,152.9800700077578
128,80.10702297124878,179.93727352560413,99.81942651390342,85.43521300749505,51.8358459940439,176.88146227070183,125.04561627665794,145.3419194925614,156.94497140118895
129,85.58044315070835,175.82298963010973,89.07310695493588,148.5982015526997,72.93270876059168,177.94504630317954,105.01233754258786,150.06112742531596,158.61479085900103
13,83.9359166534024,179.0081678624672,94.69584540072276,90.66679120102035,74.58140373233738,177.6628135545152,103.08140982217782,123.6365803666941,152.4500301152653
130,80.82907884297134,178.15312493923633,97.324046096265,135.60130924676102,74.26088729711391,177.9188260098278,103.65793871271389,152.05487276415565,160.79354955500662
131,84.69499708079839,176.31384952981594,91.61885244901755,131.35687005379722,67.8993371606076,172.89188055105166,104.99254339044406,134.29286286554307,156.17285628883366
132,78.70863623967524,177.8972817169825,98.60955624911044,145.28697064614516,93.0038346581821,174.7674387316378,81.76360407345571,105.46838014522844,158.8285747964372
133,88.77020412338979,178.38889692867588,89.09054340251953,92.33397276705578,101.55497496815796,178.8011377716012,77.24616280344323,85.70062749713487,158.71666447531786
134,96.38120077342342,177.67881565682728,81.19984886244089,132.63350886354442,107.90608466702638,175.3601298868059,67.45404521977953,92.48760684960222,159.00610214442364
135,78.67922538780363,179.4877048679831,100.56137711835595,142.87690746601757,55.55364181969372,175.518826113169,119.96518429347529,191.5897874479899,162.22722559013218
136,76.9614615241867,176.4643938468786,99.35897316185815,150.75022996522978,56.36884720871829,175.73512802178078,119.36628081306249,202.2751814157761,163.5087321491872
137,76.86851858850655,177.21362418253634,99.79376781702616,136.1858792437389,55.23995286903556,177.36251125372755,122.12255838469198,189.2968156214586,159.34330868990867
138,76.77412481196933,176.46011467373648,99.68598986176715,167.30623619066398,68.3884529792684,179.03269732027707,110.64424434100867,178.713158647263,151.84846077593573
139,78.15979843935247,179.65083710897065,101.18036595045052,146.97582551766922,68.24467392964962,179.78559466198993,111.54092073234031,162.0333936297574,151.91282595660712
14,121.34630536508006,178.3104323499839,56.484532938730325,107.83787999248548,64.95931596847939,171.56792000258878,106.60860403410939,224.0384977455509,156.33326091528878
140,83.55564832216669,176.27398412568266,92.45502419342174,155.13182403574388,72.811907790621,177.45706148783634,104.64515369721533,180.9317585078204,150.97749079270267
141,74.70431010393622,176.7112806473633,102.00697054342709,174.84551484164828,41.59107947411584,172.78278989869233,131.19171042457648,228.90296518862064,143.2741047106812
142,62.27000178672057,176.08766166763706,113.8176598809165,140.98385417896324,37.73947028250459,172.44034301731293,134.70087273480834,181.12553135344712,145.0469493520484
143,78.9769334991694,175.17729293386105,96.20035943469165,149.33466188237387,46.64789325737223,166.77410674603263,120.1262134886604,177.5966382910212,144.476666399416
144,61.5879493023712,178.63723813243874,116.7472142316169,203.89376877460776,40.430532660091764,176.67322121710478,136.24268855701303,207.1242699028554,137.54577591288142
145,58.64196654597849,177.82241791694992,118.30048357458692,173.64684332951586,41.374804844251386,178.02238392126486,136.64757907701346,205.1212345421215,148.64937366756226
146,62.49816011149866,175.7989320966727,112.0093690345486,214.76394409941142,41.49773695137996,178.9215170909237,137.42378013954374,244.9947712551975,137.0781700969951
147,76.63231897518213,175.77584699312476,99.14352801794263,103.9282214304623,53.073326599258955,171.69753686683413,118.62421026757517,114.06006851627687,160.58751010239743
148,84.50059244534467,177.3106251904295,92.58804849952637,95.66790427050086,61.20548720690074,176.98088904438347,115.77540183748273,110.9573828560948,157.8754235339579
149,76.99798893435714,174.36042328715783,97.36243435280069,90.13414686929228,54.9831244985557,174.87157301153468,119.88844851297898,131.937274371593,157.0813340210311
15,127.27852013407718,178.66099178077118,50.05937483314372,88.34312147146649,74.69532611997843,175.43144511596364,100.73611899598521,160.47808551976448,155.42911819387626
150,85.4685681106243,177.71511556984086,92.24654745921656,73.29890566379505,66.19701678646912,175.34078881597887,109.14377202950975,116.09258159440688,158.4475798899096
151,93.49028018914578,177.40246986061604,83.88378371695245,73.82817888755366,75.5086189211693,176.64643511064247,101.13781618947317,92.5156696417179,153.879097904389
152,93.69267848812416,177.85511016345896,84.12744951323741,77.75689356859714,76.25272831678288,176.50054346342088,100.247815146638,99.91395213625724,157.83390667920088
153,77.34834736817591,177.07529782469499,99.72695045651908,148.924387001413,46.48445372137523,170.42277427787894,123.93832055650371,190.07875465603934,164.18537271563267
154,76.79681827506978,176.85083044386695,99.52097988353019,135.29227918345984,44.91233077563929,175.83242910597193,130.92009833033262,165.31680650098085,165.97691368864855
155,76.83471543688286,177.27954715803543,99.39981028467346,150.59261838140426,44.997530423167454,174.99960196286602,130.00207153969856,205.5483080380512,165.9650689763641
156,72.36761460683988,177.2981924117223,104.93057780488243,136.1020725745198,50.59239187616338,174.01607024382136,123.42367836765797,177.92063053273856,159.8386790383746
157,77.98831221361354,176.00294839034342,98.01463617672988,140.35229056783814,55.35938880827926,176.6005623802356,121.24117357195634,176.3765630968934,161.65636499828346
158,68.78507065562432,176.19743403202247,107.41236337639815,129.43629500627938,51.582554942647505,176.2992312177246,124.7166762750771,139.6950499962319,162.04093065134884
159,65.47566085350681,177.75180952857752,112.27614867507071,157.03569124349642,46.409714548255685,174.66499332165495,128.25527877339925,174.38616803143466,153.7283123195975
16,126.29938510541194,177.61012889257063,51.310743787158685,91.2484616631122,71.56959289377986,168.624121628375,97.05452873459515,171.0772599353601,154.65619571525505
160,76.55082406022922,179.10664030198853,102.43932927404381,162.4795306891675,53.85643311229474,176.7367565324318,122.88032342013706,191.40616930215725,159.22884395820915
161,80.00729759108795,177.64031301521138,97.62253843115907,141.5666006667749,64.13543406976825,176.77493787765496,112.63950380788671,170.88184423204783,149.37615054933627
162,79.94856567816788,177.78970258558815,97.76708364360294,142.30365558711094,65.78312890057418,176.83339156857747,111.05026266800328,182.06757452692395,147.8856438285009
164,85.2038599872033,177.3420759665703,92.13821597936699,137.63960064817738,76.36002134061343,175.18394421852452,98.82392287791109,150.96634467419216,166.66272503881254
165,90.24583507126152,176.87694918318212,86.6311141119206,131.17284691991148,90.08791471581043,177.37690750392227,87.28899278811184,130.7133036698318,166.82990166789554
166,99.39863845152487,177.54385061499505,78.14132563635198,96.63172078777055,98.92540120751391,177.96825034853364,79.04284914101973,88.74829451216614,162.9988173486806
167,102.693091774259,176.18620502880162,73.49311325454262,96.24469602833705,95.48942837191942,175.98874050645736,80.49931213453794,104.00414068993663,164.40787490248175
168,86.34659933280118,177.94122783460898,91.05504899509417,163.70667118834066,61.022876552713875,178.07136565640266,117.04848910368878,194.5649440841108,166.91042566364445
169,87.55183213865811,178.26473641687105,89.57540816828336,137.67564231469012,56.66491745342732,178.39425983428606,121.72934238085874,185.32810129523116,170.92566247650453
17,127.69942920272509,177.27249725185268,49.35056454655431,84.30392499503797,62.53027713238483,175.64957592595354,113.1192987935687,177.88815578682477,157.5015482783845
170,85.94270508102503,174.90350194818416,88.96079686715913,171.28395859267317,55.304502128611134,174.5061859822298,119.20168385361866,216.31574722022495,167.50156604423955
171,85.9707009734359,178.56326023967378,92.56943821004819,136.02497340932362,71.54457236834952,176.85633911954557,105.31176675119605,148.95582272353226,151.15338549666592
173,73.59437726307773,178.5258990445185,104.35500183580028,135.22460212624068,46.33359248540911,178.49985352714333,132.16626104173423,181.6339058927563,161.60199064195848
174,84.38290122110035,176.75596920943877,91.2691552032077,112.27863449788427,57.188446573770634,178.4004759017065,121.21202932793587,145.56307101875203,159.2755186032306
175,62.107100003580896,179.6448449421271,117.3190266722991,114.25313055368134,56.43354121380251,179.10887797953123,122.67533676572872,102.1366223236387,156.32864428937552
176,61.24392759626646,176.3398800282821,114.88300942115757,126.10679471495263,56.195206478211205,177.70876462862648,121.51355815041528,121.05301799033504,155.21881904490735
177,95.3691658461787,178.68641705021506,83.31725120403635,96.41328447604108,61.83197577692593,172.91451067964448,111.08253490271855,128.55987510441923,159.04895035515244
178,69.26958332183844,179.19822420743117,109.91324205772602,128.1481525960736,65.24170253232839,178.72524007442655,113.48353754209816,146.49026551465235,165.46344208839037
179,78.4704197551488,177.87431853737786,99.40389878222906,77.6022475417261,84.77921819414433,176.9083192133652,92.12910101922085,79.98504746245203,140.55873712846432
18,127.57814399468043,177.66785834785034,47.63037756937632,71.75075245415987,71.6618368066207,176.17645754827822,104.51462074165752,148.78514114376094,156.91233112305088
180,109.21131084626,178.91968942394155,69.70837857768154,43.75372430516636,98.7520430662429,175.54308753419332,76.79104446795041,52.60606899393342,158.09315889047593
181,128.56248179211795,179.41227354984653,50.84979175772858,70.08527068961493,99.79795567444333,172.24224988122023,72.4442942067769,97.18461872633401,159.41812422291133
182,73.15148557944302,178.2376782410053,104.55092470998734,152.07144971019648,53.028322898380154,178.75294128937855,125.7246183909984,186.27143114066828,144.57237832322582
183,77.98312700199386,176.65656681302548,98.67343981103161,128.92991922933493,56.37754755394606,176.05963628671054,119.68208873276448,130.32591259816857,143.67059330742427
184,73.03376118322137,178.60337918087458,104.87910686799174,175.97137074191923,51.31048699421402,179.3017991421596,127.99131214794559,185.16892587200562,144.34375203333855
1847 (DOG),88.82338631002156,152.43678993283953,44.437292832390995,940.3735447649207,42.66174551219565,129.3356639620939,86.67391844989824,936.7738546834719,91.8600188234486
1847 (DOG),61.20780639228817,152.43678993283953,84.26403046136755,940.3735447649207,31.757531518268554,129.3356639620939,97.57813244382534,1048.2631655445869,80.84178769037848
1847 (DOG),81.77991346920452,136.73438654154828,38.81634784224242,682.8823630549512,39.76335440372404,103.27548210876154,63.5121277050375,459.690124355071,52.93609330142476
1847 (DOG),27.591581753734385,150.34692203804673,117.89184026451368,696.9472210371456,24.79330689762797,115.21751947522316,90.42421257759518,749.0684636322871,83.28440304502814
185,76.1109082075796,178.49626688482348,102.38535867724389,98.66771768842514,80.71303724077903,179.4629336281372,98.74989638735816,118.42649386450577,140.42636406268502
186,74.76100922000344,178.69221561915023,103.11436356541313,108.00046986236035,78.00683467054198,178.5021489244848,100.49531425394282,131.86777333006094,138.59090821453458
187,72.14153876407094,178.3554702220354,106.17445315669382,149.21502569716384,42.935871156632565,172.01199379076485,129.07612263413228,208.81128012687532,154.05147611933089
188,70.02154553013372,179.6224997071005,109.47342315197747,177.36698414980825,41.56577041814092,175.26772585536065,133.70195543721974,254.61331414836428,154.67986749709237
189,62.34881503917259,177.99694789945028,114.44856311104829,189.22693557704835,47.82049588987985,175.278904149186,127.45840825930614,181.84522192555988,144.7763754346896
19,132.7862718672905,177.4528083454935,44.511887194051525,68.96962040202392,88.23251003819722,174.62488809173163,86.39237805353442,112.21559254892917,158.0193871756601
190,72.13281432659787,176.6571559976629,104.52434167106503,161.7237932656301,42.39624530049459,168.57729598777416,126.18105068727957,218.94417774943255,156.2315885880994
191,61.311859256750324,177.60420648166888,116.29234722491856,179.40829614054925,47.89519210790229,170.11035594029076,122.21516383238847,175.38215775535156,151.0944506738875
192,60.133798051708936,178.8355541369148,118.44514327151145,218.23588107645853,48.25259860002802,174.6773290935873,126.42473049355928,213.88706400895705,151.9413865993258
193,64.79936174772888,177.75945322672854,112.96009147899966,121.38412902669134,58.3054421154926,178.18410196377098,119.87865984827837,178.01176772905822,164.49544648232367
194,73.42382018522761,179.5676488708018,106.00995873197115,113.79536457170627,65.8988080928418,177.40262767855737,111.50381958571556,143.8828716122867,164.11798411322224
195,65.63171455941148,179.22486925133913,113.39336002815686,120.0027564512917,56.00251548618789,178.38693179988613,122.38441631369824,151.0355396386742,162.791255085508
196,71.69355136297543,176.05907607593713,104.2632177983039,123.92215737169282,62.22079503364497,178.85361290263728,116.6328178689923,155.74018900820246,165.36096595637582
197,66.59474166860852,174.06121192509804,107.46303200220396,138.93503352889184,63.244649311689514,179.30188077915824,116.05723146746872,179.04030652140023,169.41450464919612
198,91.46953143515313,177.82224137449404,85.24505699865514,128.2970391728148,51.88284829266932,177.18260764755306,125.29975935488373,168.8687369295174,164.55110305745444
199,86.35141521605826,179.530516907109,93.0327531924892,104.34323062889663,51.738820415648206,174.07811452470995,122.33929410906174,135.87478054526943,161.01339269677027
2,62.68530844640186,176.98158309678294,113.91016848485994,246.21357843917767,51.34346636296149,173.4319782389734,122.08851187601189,249.22575664354974,157.34970375235739
20,79.75638537165969,176.67442795173605,96.90122767997447,125.53339454994789,51.2959747773711,172.2706762557459,120.97470147837481,153.54338669557282,156.3619548678062
200,128.1970537547675,178.7308963184534,50.49343207709239,99.67681088902484,89.19315369576353,174.3364079118482,85.14325421608467,169.35012403921465,158.01565294066359
201,99.76991796647934,178.26715163585345,78.49723366937411,76.83892553298033,69.79900633996611,166.4879506706119,96.68894433064578,102.61220905367009,158.45893495852388
202,120.68555035040978,178.42891597633223,56.820131636009336,97.66713291022174,88.20756912452846,175.85670676982937,87.64913764530091,156.7484389007973,162.29817442934842
203,84.68911391534871,177.8566152257778,92.72362599606296,116.65315359304972,63.7048245906347,172.93210677417656,109.22728218354186,136.34295529382487,156.02150851911895
204,82.33482687208613,179.1160750735573,96.36500513940199,96.50796710591833,65.8082618574559,174.5588647792278,108.7506029217719,110.39380546184469,161.18703999362583
205,83.79216716798679,174.63413121852938,90.47857265231148,111.57325927532926,75.7967205172005,179.24574258322264,103.44902206602214,141.69259120162084,148.1903408805527
206,95.20442613605762,177.98255288147308,82.77812674541546,88.01325651480428,81.3498663016224,177.42729964996582,96.07743334834342,113.539413138941,158.82564528346757
207,92.26290856810849,176.44825711347553,84.18534854536705,117.98830472030122,82.4886451311612,177.9291099838067,95.4404648526455,143.39349724089746,152.15511840149196
208,117.575661257192,178.69334323724615,60.790323498646046,49.33916272230347,102.2384992598756,178.8484860506662,76.6099867907906,61.87648246306133,160.4646425224052
209,108.3603354490144,176.64438516917002,68.19686774054429,61.545287609069085,93.56767699146785,179.03249970969807,85.46482271823022,77.04014596768137,161.68379789733262
21,82.9436676723767,177.38808289615503,94.40039784300254,128.41132009936888,54.15568295280957,174.80744591967803,120.65176296686846,172.0200696309985,157.0469886747982
210,128.11227170351415,176.75247103486092,48.56813402645227,33.032596167346476,120.52977661940648,178.21607773842936,57.686301119022886,35.664706773097976,160.03261769669436
211,129.89051588222344,179.66774867879923,49.731209636764675,38.15137254805649,124.23275143255955,178.87951905118354,54.64676761862398,47.22806242867791,159.5293766155756
212,135.89297837249822,178.07465607166085,42.181677699162634,37.711665917160666,124.76220933477184,175.13512866711199,50.372919332340146,54.75514289608687,157.35335286155066
213,84.25975515842285,178.91135248070128,94.65159732227843,175.86391973654034,74.65296806729164,175.04776372295134,100.3947956556597,194.32530768296778,165.04453350549105
214,83.87750969902407,177.79912391050468,93.08784089342078,155.10611804962676,68.7166838589971,174.84148406272757,106.12480020373047,189.55797036329173,168.3272567961826
215,85.10928153458966,178.44851689628678,92.73515926349536,151.2243111529685,75.03130350825434,179.21175019863335,104.18044669037901,165.51454638320112,164.09694397022827
216,91.56121702968206,179.44398595941115,87.693481896645,157.15703739432792,99.88254903259937,178.37075456256798,78.48820552996861,156.78129780998918,159.76862045202859
217,87.95877910041685,177.050380454152,89.09160135373514,130.4082804342774,83.90422325570606,176.97929300034076,93.0750697446347,151.8778190092453,165.64831398914458
218,92.84033881421107,179.5467085114887,86.61724846513695,132.73932627870963,98.43773245831574,179.04669566920933,80.60896321089359,125.26628802189568,163.4554257279733
219,82.45203941293092,179.71751174204988,97.18512666047415,85.72973518549448,58.099822351846,178.68896833290722,120.58914598106122,114.26292738517041,168.1791750966309
220,79.16556785326073,179.3083351307104,100.13892925081903,81.23021350178448,56.56974829835853,178.78962712350156,122.21987882514303,105.20928168824506,167.04681126897617
221,77.90884590090066,178.1227291497156,100.1870719725854,107.81533493328989,54.739825941177315,178.32959461742195,123.58976867624463,128.4333951619421,166.51950008534916
222,88.1168276774859,176.27625007360373,87.86907360442262,76.89358780230349,75.60627756383937,179.61985954398716,104.01358198014779,91.30294852631441,162.45767220037771
223,95.77103650090541,177.15961946094424,81.38858296003883,74.06188863099514,83.35783408057468,177.33297274906428,93.9751386684896,79.0596513396946,164.79675042865276
224,92.76553375827797,175.36529309336007,82.52954631034578,70.5334302929348,82.2844060825521,178.3955153509669,96.1111092684148,80.64591485028404,163.6680143257345
226,73.95828328862532,179.3151673462713,104.95836961008075,147.40541528540948,54.92579169640166,179.37918241779386,124.4533907213922,168.9349307478169,167.88586412443175
227,74.97693047996809,175.66713928400276,100.69020880403467,154.39741098952194,59.946053568799556,174.5302766257559,114.58422305695635,171.31182512273998,165.36825655403715
228,73.24042145243521,177.59176666717718,104.35134521474197,163.0804003807562,66.24606456894826,178.37003251286785,112.1239679439196,152.20388474822076,170.41107427086843
229,73.25226835337577,174.9191782879472,101.19685587951696,158.5564083345422,66.09903946420525,176.82544225708847,110.72640279288322,159.43142709040887,169.5547697678178
23,72.47960217227964,177.89900219742543,105.24658869825404,143.28393835123146,57.90704249783772,172.04649412325617,114.13945162541845,149.86204953061883,156.84039842118253
230,73.34888273884559,176.86454865743747,103.51566591859188,136.4805915616312,67.84889899506697,175.63729668488713,107.78839768982016,129.000209864702,163.91160826069995
231,113.18078179698395,177.84832765126026,64.66754585427631,122.40576127351434,80.15610957960013,174.85660049052748,94.70049091092736,181.96080640039358,164.111528210345
232,149.7406656580611,177.23284226239727,27.49217660433618,57.80716702052977,112.4057429385837,168.8150893924844,56.409346453900696,97.92852080081991,158.35254515197312
233,124.76830146430774,179.0569587801097,53.76171873785154,77.43316630141636,86.62241113242168,177.03468169660817,90.4122705641865,116.92448040453476,161.59849082840154
234,151.21286882124838,176.56417139965902,25.35130257841064,51.49410760736545,112.5396790855189,167.37085971094143,54.83118062542253,104.2246558258012,160.11017143057325
235,145.33862173566422,177.66166596970595,32.32304423404173,69.46842253548,108.75299729436637,168.00547117542632,59.252473881059956,135.2147968635734,156.7485550080599
236,156.04935023321096,177.00624413433752,20.956893901126563,55.09475187516861,125.39956347370139,165.43079346852932,40.031229994827925,88.3277922678707,159.8270405781038
237,81.38681520721991,177.41896450938316,94.54786397196287,216.38519915144843,52.32301631867337,172.67695786926544,120.35394155059207,263.60887652811533,148.5306521071609
238,80.3396317604872,177.9963509246849,96.71127217570215,226.66444492683615,55.95996651867136,174.7686864673349,118.80871994866354,271.1044537952282,150.67893129814908
239,76.1209909596862,177.46201454954496,101.34102358985876,176.50461680727864,50.385193454149274,175.1626337635158,124.77744030936653,213.7283099293993,149.74315351445316
24,72.33047258623364,177.79786020972935,105.45310060085976,136.25079888275465,56.11218772139084,173.6736302684543,117.56144254706346,140.3628791858175,158.3998632119788
240,90.38011082920403,177.41739469866346,87.03728386945943,149.27894172231316,60.85085683442358,176.89931245343863,116.04845561901504,175.01902806144378,142.53178211166588
241,86.03423726481907,177.94521697754138,91.2999948866937,189.58262872836994,61.90850943459972,178.16150004933598,116.25299061473626,207.88047452106102,139.38724268634417
242,92.64896882733969,177.47637373958275,84.82740491224307,143.2786869271246,65.86661388660269,169.46278583001697,103.59617194341428,160.54112996210577,144.60840937188934
243,76.94090008420136,178.54562033735058,101.60472025314922,161.76283751016103,47.620500940123335,177.1619941319803,129.54149319185694,226.8635241758222,144.9977196323842
244,67.46968437869282,176.3080519903262,108.56738299648302,185.3388098746178,43.2432834771375,177.07376468881478,133.83048121167727,237.89675593224658,147.88715843672543
245,73.8636216977215,178.55525282325993,103.64188044663646,172.19799907775598,50.67896697099088,176.8508165520697,126.17184958107882,218.48028062885368,144.8396239914842
246,80.46055299478046,178.40755209190493,97.08225860591618,167.88187755912708,54.554734201382864,175.65697448027197,121.1022402788891,184.51791920088155,141.2952121405179
247,74.96781231803458,177.58518102036777,102.53423990286787,172.07637439041497,50.877685595510734,178.46960055878978,127.59191496327904,174.2133971421024,134.48614313080031
248,73.64769364801676,179.30449228687098,105.54760802943447,174.67068082675328,47.49581331067635,172.35885233917483,124.86303902849849,195.45953382075757,137.7856834707418
249,82.22016061538392,178.19722763062984,95.64234482077053,153.18090385872674,83.70227107793161,174.68332122952867,90.98105015159706,148.28224480693987,155.75034614696398
25,70.97403395276535,177.48848195195586,106.40201935933436,125.81533126515241,57.839514854269865,175.12157621364864,117.28206135937877,148.9046354135152,156.82497898329885
250,86.0776274047047,178.92268393161217,91.79382146151151,167.96960126892915,86.81747680223752,177.53268473215627,90.71520792991875,189.99183229843285,156.78673890637702
251,86.9538469452495,178.51773367206513,90.74445240365628,176.08452597606873,85.66660386828163,178.348848667946,92.68224479966436,193.2708483637129,161.65940081055442
252,78.12972127171493,178.145468111721,99.52007373843067,153.58785495246363,73.5966550713484,178.50312925140483,104.90647418005643,180.26624950879304,158.78711218817344
253,73.96046200579234,176.82137645175155,102.86091444595921,163.16950775663406,69.32523399359339,179.20632298887136,109.88108899527798,191.12418586792916,156.13976419545975
254,68.52183153966527,177.29665839858745,108.48839338063891,221.39517301452832,65.88282112293587,179.18854180780212,113.30572068486626,224.04244567959415,158.35240964031115
255,85.83807497198688,177.98979897087335,91.8968566008296,98.91074500565487,82.90993962909842,172.5403018289265,89.63036219982807,160.67510011054537,160.46659926563407
256,75.20429358964303,177.9312652282848,102.72697163864176,141.7042140177359,73.73937589827216,171.00911586212047,97.26973996384831,127.99868104925042,164.40324391904514
257,75.63964055488734,177.608398813799,101.81955511288206,137.42044257921427,74.48261070548114,174.3485717755456,99.86596107006446,124.21620040650028,165.32498306764737
258,73.92599621440763,177.13748769010675,102.6701271968633,124.3599043986439,57.36355745524349,171.0119001837624,113.64834272851891,196.89822244963054,165.7791990301415
259,92.54226849856349,178.45371137694073,85.1792995473584,118.13173154848897,78.4162305931091,173.58147311257542,95.16524251946632,228.34486576173103,162.52146661973862
26,90.88906881755705,177.04113804025303,85.88086446576082,134.12248007591873,82.15318403054727,178.16149820435862,96.00831417381136,141.99059763737526,160.73772980699874
260,94.6499217781486,177.3406721737868,82.6907503956382,110.57542970252649,79.11221023218106,173.91497217783746,94.8027619456564,245.6971835552782,165.37593238052685
261,155.72384396320376,179.08333887865422,23.18063631491026,58.349780765969605,134.57911450096805,171.68818155905677,37.109067058088726,89.52863713610131,160.48405870722274
262,152.15470667111717,178.23193357484374,25.82891985470411,70.97453909909605,134.1181134234708,176.5313955433545,42.41328211988372,107.20984024930718,162.06431702428785
263,137.8660660614412,177.9683294796206,40.102263418179405,74.57136352266394,121.88411480564696,174.66924918454998,52.785134378903024,101.68593299265953,157.79559744052796
264,122.69860896132354,173.9439039581362,51.245294996812646,51.77298757408256,98.41584304774184,177.75300465172995,79.33716160398811,78.50118237630724,161.89165453530492
265,131.43074214189178,175.04210518968634,43.58866401458863,53.714998057919004,111.55155062965073,177.66302642110827,66.11147579145754,70.76968198300365,161.70744134586343
268,89.83118508288463,171.07915449329613,80.99813926249765,110.95318165628984,55.52509727483702,174.85532487387775,119.33022759904073,203.50783355952154,110.94217774527536
269,17.48102570534788,169.10733798465978,140.90323533238146,981.5791169964839,7.963788120002503,158.04260075023925,150.07881263023674,1008.5672105322109,121.48323203140444
27,85.72103252384508,178.91102755817272,93.18999503432764,130.64910764302954,77.57201121889725,177.51780414603576,99.94579292713851,154.61964976806217,159.1054233155708
270,12.61351721100603,176.50158353020018,161.72258195020717,521.9952506505152,23.451019586054347,178.18653381153854,154.7355142254842,463.41630892148606,104.07793164253307
271,60.41060051131488,177.16918006032887,116.46906165680551,198.98721870467745,53.46584510071086,164.13303474416685,110.667189643456,178.29123841022553,117.05562996958292
272,106.56352718766767,174.18455210534438,65.92951438494094,147.96236066927125,98.72812576145687,174.00033615010665,75.27221038864978,148.6187830256174,132.43248543523364
274,157.9955918242816,179.1049651217778,21.109373297496205,205.52390203193357,135.04479650750224,179.17776767982986,44.132971172327615,479.5808481474739,152.49455693304088
275,62.16806264223611,173.0308463712996,107.52697607284667,955.1903735915826,18.74993294513193,127.96947657058581,109.21954362545388,1383.4316386116418,154.37786703134128
275,55.95517638168789,175.63323794225084,118.3252517406969,887.5787823033869,55.61890782944764,154.79969336944373,99.1807855399961,784.5664198305695,144.52625566009922
278,73.74488943286651,173.14029587687912,99.39540644401261,163.28283884988983,71.7547323803625,173.98003643723135,102.22530405686885,163.744000393115,152.37680210414874
279,69.98201554705504,176.77731765346346,106.79530210640841,254.14814787879754,74.86030429145708,169.10233544265276,94.24203115119568,240.85309920100397,80.95368755990637
28,81.27341996414316,177.55645134789054,96.28303138374739,141.48329895130126,72.70435143265232,178.32441926079198,105.62006782813967,149.40418405653998,160.05837756579413
280,76.94650905824659,173.48129568369995,95.61951893349286,181.7213212918708,64.53323018528259,164.13467869853812,99.60144851325553,178.20649701633928,104.30382250032038
281,70.44015958767845,145.0670906098284,74.52252260524818,334.5951294237992,54.49447979339869,126.21606919528698,71.72158940188828,304.2660977391699,159.74777542007095
282,10.826682325480375,175.35308695803946,162.78883890566934,907.5442783944386,25.94980287826437,178.17937479665503,152.22957191839066,617.3066514017344,145.59980874894222
283,127.41911385830446,167.9530326722635,39.19130520902283,134.03432534575816,109.53366449758013,175.8876297139527,66.35396521637256,191.95988672351095,96.09907880594761
284,86.3686190090827,140.37698226080425,53.112668364086105,463.76223925676726,77.5852938884675,132.42188296290533,54.836589074437825,462.3968486571897,99.57404299063134
285,84.48117027937502,165.1622213546378,80.68105107526279,116.72080085265648,67.0218628232565,159.23717820827463,92.21531538501813,106.67709030821253,146.02006302140708
287,58.214833507946224,177.97042027858586,119.24629187788253,197.90087722550987,46.84458976159232,176.96554047495883,130.1209507133665,182.44818783353077,159.5623083156868
29,95.88549451204051,178.71410379174208,82.82860927970157,128.13482258984368,84.98510617658772,178.65289401380622,93.6677878372185,133.03823726458546,153.20422339630346
290,112.2170053517542,165.44998382957334,49.17451807767593,1304.052910521446,91.77365794533333,129.6083763460455,37.83471840071218,910.2867489139248,103.29383402739754
292,46.72177035209208,178.9537778444613,132.23200749236923,184.08249024225827,56.272037791830925,176.0118503243756,119.73981253254466,176.57626089579028,144.15940804930483
293,64.09259972775006,179.06843403008574,114.59776549878738,322.2401048502731,52.73769882928579,178.3798325767569,125.64213374747112,293.32311888313376,141.7628823690906
295,66.98131145581293,176.8894078219849,109.20796285038865,202.57584298861607,51.360655676789435,175.53282815944408,124.17217248265464,280.3861405265263,149.40536189321642
296,59.86432220785297,107.21389609099117,41.52668207206778,651.3890489680227,93.01160419582952,132.64556324989383,39.633959054064306,608.4069259029102,147.31518208404896
297,65.27261118513675,160.2198956988392,94.82917222078089,309.3385818063297,55.82086006453024,167.50308529918823,111.68222523465799,557.7103071124195,154.62061144787936
298,114.54935851208913,168.1385554562504,49.39264242511331,290.9524152610883,105.14796407473492,148.24294616083213,43.09498208609722,668.7478933576176,158.3455797456952
299,136.93460148365287,169.63725981981224,28.41209372423785,255.82941523170553,107.20032283593103,161.39717427921659,54.19685144328555,354.3794423713276,147.55313240186365
299,139.189545908501,168.99091281911217,26.74174009179046,174.3247650308874,93.55059180288278,132.99423202421028,39.4436402213275,339.5510098009765,116.00069950436443
3,97.210158527921,178.2400511353511,80.05918915560272,114.4079861138669,56.39120112706391,177.3062387184596,120.9150375913957,145.20484635975183,155.76817312120852
30,102.57889894403755,178.6919380613245,76.11303911728695,104.64297702456898,95.84184500620199,178.48874952326094,82.64690451705894,116.31573888659416,153.42960011377886
300,57.692855322448224,157.16241062540735,99.46955530295912,299.2712841685843,57.1539114398401,165.85948367872555,108.70557223888545,208.74524248771883,115.25620661467835
301,128.32283214685194,177.39106837698182,48.1063255301452,190.0208180621536,110.12780415193329,170.68191815228613,60.55411400035284,188.64088872902929,157.15632361717033
301,138.81891524576903,170.35561284259472,29.451002241878086,258.92533954722416,138.97355526287078,168.46357500534592,29.49001974247514,250.38964843325468,20.44750970353378
302,86.46666861541186,176.21914996129863,88.04312554450794,218.72178360905667,63.4991195503636,175.25291991887565,111.75380036851205,283.09397263918964,172.22706458033622
303,71.04652781092739,174.538203821179,102.59570774868405,189.31680682527175,57.54072554606253,158.88783289751132,101.34710735144878,319.8589358277184,157.92522191524958
303,94.84286690505311,154.4474652160649,48.00005792347797,1053.3731478189559,106.37340333151069,156.81430962818587,50.44090629667518,715.4344664619168,150.73965193037975
304,83.596363225602,174.626329682221,91.02996645661901,160.46337537023453,50.485358741182196,169.30045428130848,118.81509554012628,234.40301311074177,169.95586190009797
305,106.820520992317,177.62256261834344,70.80204162602644,88.8315384366527,86.6732072219608,171.37505062956126,84.70184340760046,126.58519319793587,147.13225176720113
306,26.376678359091134,176.3704914169505,147.8097787886249,195.50434854833424,21.371751105230487,177.24299705699138,155.8712459517609,229.8926235042105,134.82043294129744
307,40.597017286059504,108.0599360623664,63.72787214268498,599.0172569551432,40.51120965326845,118.63958234527044,78.12837269200199,1094.7407366879108,148.71532887762206
309,124.47169861429742,178.90282650830534,44.115289709976025,286.0468796781712,107.9894334502045,177.67158139033958,69.68214794013508,451.2538983330806,90.15041602377721
309,93.36337385988654,144.09568049079147,50.55570286059701,254.27116175870174,89.42331960145488,129.70962226507862,40.286302663623744,253.38817248587225,61.0789049893442
31,103.42393147216035,178.04166564676746,74.59265173094806,102.86027726041377,92.84927954460987,177.8749010650608,85.02562152045094,124.35295952502388,146.7861163667865
310,74.22833714699021,100.39919049637645,25.100217014238055,179.60072640092065,60.82948723090186,92.35325243119587,31.523765200294008,209.93440693815435,174.78435202431817
311,84.7424782866058,177.6333216518329,92.89084336522708,149.5193973104075,76.40027230206887,178.61907409799605,102.21880179592718,153.44798345723154,158.73595948947175
312,103.75605480059978,147.22766426813644,43.31087429452306,101.71105939588753,92.63205400713203,141.3382780426209,48.70622403548889,99.3894227670614,137.38081277268543
313,41.9893032389145,176.78564748822964,133.71415687233002,253.7498113734464,27.46519356463547,175.990157940238,148.5249643756025,255.0010769677788,151.8791124206617
314,135.49271869832253,177.517429070759,41.12616664163545,159.28649426533818,103.03374741011012,161.07887687516856,58.04512946505844,236.83606021712228,124.14863999133692
315,79.43201274564095,169.054776671507,66.33814019555508,784.8656695307226,54.07483124270583,135.50275627279504,81.42792503008921,902.8834190601474,84.08836399778772
315,82.17719966168588,139.1796652824272,44.631249211591694,584.2924984402769,33.071091603210746,104.45105220911503,71.37996060590429,769.3685798843519,141.8971711266077
316,100.11377798894421,178.05784577828834,77.37041645715402,130.99674293767652,85.92580631636235,178.1988674950529,92.27306117869054,132.56793225183674,139.6871771399641
318,102.48179835932797,176.10610838382448,73.34349322814035,161.535533287302,73.16988926539496,175.12370740909304,101.95381814369809,251.72691082679114,169.29122441584664
318,97.08018130200671,165.76016262162523,67.87132280980822,350.3773108093734,72.31128706100198,154.64660317763384,82.33531611663186,395.45096471891145,160.47225754448283
319,54.80134958845191,169.26211786248848,113.5931313839434,846.0608704022453,42.77162245582668,139.0018659301128,96.23024347428614,648.6176204400675,141.66880331521864
32,60.81312508598279,177.84818333817444,116.9452433052924,181.74825773752914,48.772714430579654,177.6658948919992,128.89318046141955,210.21368267255573,154.68552198641308
320,72.26613107453458,166.97319921554146,94.70706814100687,157.42571216605742,57.120673704456465,166.63173355094116,109.5110598464847,171.9534502395621,122.49413509489
323,87.16136869770605,175.80215105153007,85.99700223420061,363.7850683723683,81.86511746629506,169.73537628828285,87.87025882198779,284.61737709496157,162.68329087534852
323,124.16430895496802,149.1267051692235,23.001854862545116,253.19610620012162,113.04371008284451,134.5302918960574,21.486581813212894,269.47888618401134,172.83023050116924
324,72.77832907431983,173.74312980430688,100.96480072998705,194.64505545408633,38.49005972269198,172.762311541957,134.27225181926502,245.17207052511273,163.89408568639195
326,149.43257061825824,178.21799528582756,28.370169262896695,99.61351626758616,148.26872503648258,176.4760282238746,28.20730318739203,133.09145025980231,155.99207587697072
326,132.38687053597522,165.40776779856267,21.7529352181395,261.5635223902698,78.23525233597883,166.80635184656796,88.57109951058914,709.588306194689,151.31978526931042
327,107.1741667338391,152.085274686692,34.495287807385225,278.79956322021553,106.72438693027655,139.83935033426314,33.11496340398659,338.2971185828655,125.59171812023814
329,69.40275465035309,174.65098121583222,104.35525103866445,148.7720290350359,49.48113306005405,175.0837713717622,125.60263831170815,163.85158936390727,157.49306024250595
33,58.76115674436406,179.07195658227354,120.02486905452287,140.83208944220652,48.67554073056753,177.37588717330985,128.70034644274233,152.66435911958152,155.787338140126
330,58.94096007960366,169.06081450861723,109.34932355888478,312.9516832851288,50.61416168278864,169.35599985191033,118.74183816912168,217.60436161784915,154.97476217980503
332,92.50318339960447,168.54652269691036,75.58728937018057,175.0394589158559,82.80411352188423,167.82900379521212,85.02489027332788,296.586160574736,164.3284440512665
334,94.9816368707028,159.48032390547155,62.60705438071551,133.69841173727193,74.60318687663332,150.1250424643888,75.52185558775548,229.92956166825752,155.04467603758772
335,59.4797453097237,179.75607182992798,120.27632652020428,140.4368752763904,45.293350991671005,176.76918283949033,131.47583184781934,188.5259424579721,148.79771160063672
338,34.012010375046785,154.43606323679126,108.79539336153839,269.4716501547588,35.401599918829106,155.0924618638742,119.6908619450451,270.7941212922055,166.8685753944776
338,90.87379732342464,142.62274528141558,37.01819770797849,778.2134907066063,57.84361724549689,112.02183518040897,54.178217934912084,937.0767024684378,163.91479536172702
339,74.78494914124529,178.50283423509583,101.91635441169356,142.78602600506022,69.96154778523037,176.97105790067587,107.00951011544551,182.82576114636217,162.07919559422862
34,60.1390000749123,176.03945223368606,115.7951930283141,143.54108202896975,49.216800221391445,175.65271926715087,126.43591904575942,151.10617724016916,155.9884028311713
341,156.2021232629798,178.50850515776818,21.963098183835427,75.99256825141255,148.14628967595496,170.4489431047506,22.30265342879565,74.9932450586539,168.71009543539617
341,68.9074016176018,157.76883925168448,88.86143763408268,232.73312131494106,40.019724652651256,154.59490671113846,114.5751820584872,296.74976463200716,174.843281272878
342,75.22046354448747,174.11993517584085,58.8439575643099,1364.2166630012293,80.41984011688065,174.847148667773,94.42730855089236,1170.1694244242926,103.57667427322113
342,115.17213310725637,148.78860408132945,32.76672067261825,156.5878447712423,104.93197735880997,116.04146774868914,11.10949038987917,258.57529850353336,169.94463386451602
343,65.71724055768509,161.0083628154792,93.52180319484069,349.8719008889309,42.932565039267644,153.13380058416882,110.20123554490118,428.3750978028244,133.47076491141252
344,102.24029006923097,176.12266893956266,65.38064994165335,341.8770386973933,81.59808554424694,169.35982106452872,87.76173552028177,371.32891727499543,121.85103759867641
344,95.51038234485313,120.64066294876386,25.130280603910734,141.58032152071783,85.36482731480284,105.27838133217017,19.913554017367332,150.49070509793123,119.57096195061382
345,81.92624118726067,177.71872417884262,94.67544759173043,268.7102307728433,72.54935814716153,170.43146024646518,97.88210209930365,236.6965574276182,148.09055768565258
347,46.91137045356578,178.11969172257082,129.636006417559,241.99826609854142,45.30081670867613,178.47869729833036,133.17788058965422,218.2614735601232,134.88305700423666
348,47.43070426334196,176.9044647548216,129.47376049147962,230.03719032053763,47.361276259344216,174.24956980826283,126.88829354891863,258.2728444571723,134.22870667267776
35,61.87411396046368,178.49027513780692,115.57924964938725,155.42125153160237,63.21398712282786,179.83459169174895,116.6206045689211,162.0640037544394,155.34576280065411
350,114.87615049838993,176.52063449751682,61.64448399912689,176.52505353292528,101.34659070357925,172.72921728248392,71.38262657890466,227.20215060396816,133.88482495148793
351,120.0048475616727,166.98374922717755,42.99792059628854,325.446637627558,119.37956519892298,160.01394666114277,40.63438146221979,301.0430468447438,121.50248851260838
352,111.69936775709552,177.24519507436463,64.49726774175429,235.64702190947037,91.41598716728289,171.54884559289036,80.13285842560747,204.29641188687148,160.7545649631383
353,68.66176362336871,179.2536465995425,109.68128666601028,192.51749721869172,61.10968459863043,174.4283907980794,113.31870619944897,166.1646790219787,158.78638635658206
354,75.08221290883884,174.9426441448242,96.49394805732783,352.0682650557962,40.93985637615011,171.08557248502655,130.14571610887643,423.7991901810012,134.08140377035497
356,93.63087385516104,144.6106278895355,49.75024325349058,206.42362701539815,83.00261978091181,131.2962267352153,48.293606954303485,239.12137553484877,49.87574280079568
357,58.14047064472796,169.74160208668994,111.39239631307007,189.79317020170686,52.053654674437894,174.06634008365194,122.01268540921404,388.40583530958384,151.2400702681495
358,87.67035319363924,175.83227600714332,88.16192281350408,144.88596608574352,74.90194831346977,172.79580423965737,97.8938559261876,218.69179797950738,168.03003243928373
358,35.541779215541304,120.13418450549005,84.59240528994874,605.5989674679228,49.049436253267665,129.38965452310543,80.34021826983778,643.7150970576957,147.7206332489815
36,65.73908843010894,178.5288422299838,112.78975379987487,159.54895465945967,69.26766097544346,178.50448634786272,109.23682537241926,154.03260974009297,156.4051445751657
360,88.96539003383516,175.67288417469342,85.59593966480354,299.4466845604176,50.63531932597642,173.69945458446912,123.06413525849271,371.9480868920426,90.027569736408
361,48.968012780087214,178.94595239696065,121.7743806856358,368.5876850260663,41.61450726150948,171.04138189304132,129.42687463153183,348.76090183606095,115.17029183834475
365,111.31775422157479,178.81750713473815,67.089962756036,271.4041194922013,92.40258886034057,175.5099284590874,83.10733959874683,478.060790828125,152.47210945224828
365,111.26958301433528,133.62047072925486,20.03496741645465,223.35650657380876,106.19628811148199,121.78718821577587,15.59090010429388,173.0079430976389,160.37135840342967
365,103.04255205833856,124.90242952401256,21.859877465674003,181.58674856854967,93.78268316521346,123.84753227680059,30.064849111587137,162.1662317716673,157.31785346928473
366,22.06566506985656,168.98533402754896,145.69507082442578,392.65893373851935,60.15857532888855,173.46641093166448,113.30783560277592,719.7868744103058,106.2900214538837
367,26.626696631161447,94.44537980606785,34.776952218938035,943.6191541433865,54.775871194349946,116.8358398583287,62.05996866397875,886.9520449518441,103.36837848271517
367,62.99610815396911,157.07103939201465,93.97902150837106,588.0806918677363,77.34716287833382,140.85413730238483,63.50697442405101,488.54024668304,62.21561504895765
369,74.04161345144044,174.8235649530956,100.78195150165516,125.8769394931892,49.49581886540985,162.2720333843085,112.77621451889863,150.14610055339585,146.3012416773665
37,78.24515626728898,178.248995950964,98.17659214713525,168.14059091317463,63.913242562990675,178.89383409309534,114.98059153010466,214.17605627873021,151.85126323807435
370,77.37390353312415,172.45397793978947,94.55825544550201,89.65106503327615,60.06764358972701,158.8016525814389,98.73400899171189,108.6712237020254,124.74661850772277
371,62.84988831455357,174.26143975822504,111.08038592933221,291.6103998172377,44.72973152571064,158.56638734607043,113.8366558203598,250.99225909763084,148.5340103089441
373,27.000261914227128,136.5246968292348,109.52443491500769,856.6528048483881,83.46508880830457,149.98322999098937,66.5181411826848,849.257619830694,88.22680418238926
374,34.37036972892717,148.34366160825397,113.45361098222149,231.83695142809574,38.22535954028167,153.96737930883964,115.74201976855797,414.1876196297566,143.21461154516572
377,136.90149970435883,177.88591180920747,40.53982204264037,119.33189536247173,116.8669899003049,166.88419800597194,50.01720810566704,118.95986395064543,155.46031993752845
377,116.53467105245085,138.5665385095548,21.79947157586193,83.53907769198558,103.92870443294147,123.1805211727054,19.251816739763925,99.14661432053727,155.11059844054626
378,85.11070436773944,178.99760330708764,93.8868989393482,152.11917513034822,76.87154481502805,178.43958583592544,101.5680410208974,158.3082564115418,157.20451886764045
379,66.60726540069034,133.69109714391726,36.56877380503144,649.940930487611,53.66827561934943,124.7296577618221,71.06138214247267,709.1154950365164,61.1419338893919
379,59.413126084222,161.9793443427805,88.08784993234599,1401.4230758897882,58.61034721140303,154.36453392753242,95.7541867161294,1324.503313579977,75.49190890246871
38,72.59723565501318,178.0517911382746,105.3026453181431,163.77411888968086,64.96791099990445,174.74805582926547,109.78014482936102,170.97610035468878,154.36580400340225
382,57.21173354618307,175.89196006312025,118.68022651693718,227.98253279836706,45.62088517963023,172.23712445951318,126.61623927988296,313.42417871432906,159.69237867295874
383,73.00310886610232,167.1962663207185,93.89805006423283,181.19856664679108,69.46422371195425,165.56361681049577,96.09939309854153,229.04586551297547,157.6535181202423
384,130.43958028837494,174.42969269770066,43.99011240932572,218.40611034201208,100.3803633860871,165.65413854867828,65.27377516259118,351.9265279485672,165.4063012646932
384,83.12919851956426,141.85630784555772,53.49921350256642,240.6985227406094,59.48669090851527,110.21288176143247,50.7261908529172,249.59167452648478,138.81432112314627
384,116.82524459294878,172.41852299274754,55.473847287512584,463.41990163460986,102.70750661214842,175.09731750213354,72.38981088998511,589.2010309662261,122.15594113103008
385,36.501157624578106,178.7180241757265,141.87282392422497,268.6169181566869,29.071652642153758,178.25744597013446,149.1857933279807,390.69635573307175,156.2339159289536
386,87.55934578784859,175.60033983033338,87.56440014939285,122.76557157484095,66.36338983372835,172.80298644583848,106.43959661211014,178.4110133709024,159.970901497227
387,45.00843660753233,175.2425272111798,130.23409060364747,1188.3278153897993,42.29102824140474,170.5529881040043,128.26195986259955,1196.3533124683702,172.5801111598349
389,113.10451000610806,171.5687356331797,55.40894995787946,110.34717941883011,105.95611373466025,171.69541682911938,65.73930309445913,159.47212860983404,151.4454681267591
389,90.93471396236929,155.36454643932146,57.644769171330495,341.7317371118927,89.94988023155803,128.9487179933392,38.99883776178116,191.28376508231779,116.87582059671033
39,76.93561809736929,176.96612456052515,99.92952175088004,153.8212876564091,70.83415983684324,170.17717623589058,99.34301639904734,148.54771694883422,155.27117394383257
393,16.009193350467868,155.63998986112938,121.21790791620994,1188.7891133706594,125.14276714441301,152.9779430449086,27.8351759004956,441.850756893768,113.45251039410462
394,60.39109549351494,145.23731190191165,83.51527379907708,482.15000227677245,57.798132081898714,135.24569683854853,77.44756475664981,456.45117970399747,122.48831164179377
4,79.41590105736151,178.44609450976827,99.03019345240676,115.56927366073062,93.70241179224587,179.59418088001183,85.89176908776597,105.6208230437637,155.39312853703376
40,83.09014006504977,178.0989086124103,95.00876854736053,152.04806686247568,68.4965974222857,176.07935898711492,107.58276156482921,174.1632071122233,148.34886259050927
41,89.04452362759535,177.1296322497922,87.99923370050696,168.16081201729367,78.30508739527102,176.8368655818882,98.53177818661717,177.45837068199936,153.26744521623905
42,71.27485986243892,179.40920681782845,107.73266374753143,254.07961450945768,59.549203359628095,176.556082992735,117.00687963310692,270.68681374276855,171.7427015714818
43,75.23189356673618,178.48215960478402,103.25026603804784,232.01558881157587,62.763167584071816,174.16221654798053,111.39904896390871,248.83110064116784,172.5279313060717
44,69.84284867771198,175.53846251422365,105.69561383651167,233.30512244874026,59.841083921375315,167.79833704942973,107.95725312805442,231.30666552876446,163.1250277905899
45,81.77833496232245,175.99531432156016,94.21697935923771,198.1700762576954,75.1957241278192,173.46183210320356,98.26610797538436,200.13445405959948,168.48731120140874
46,85.35045346203263,177.35853808894726,91.91127804395272,194.04572595273484,79.36662959739465,172.88915272265243,93.52252312525778,184.16567062074395,165.49636843637015
47,91.63260060052995,176.30164466717775,82.97086220962542,181.87443480339226,81.78067554969356,173.61676215547806,91.8360866057845,169.43941000307933,157.78196978222962
48,61.10610893814585,177.86894056944072,115.44350377596804,221.17650139638516,49.56297429567507,178.83540109806597,129.2724268023909,239.26221695873414,162.43307617137873
49,58.95582815518302,177.24312082384722,116.5088987466547,254.03995361104242,49.358215410919165,177.1757739880565,127.81755857713733,240.83963596561082,164.5898824637738
5,78.30760058270445,179.59840300168995,101.2401085788205,216.15788417076593,63.370275900033064,178.1657423680172,114.79546646798413,219.44800144889902,151.300389758702
50,53.48286336114196,178.6313048246792,125.14844146353724,214.15425682177263,57.52580717600067,178.41895047972082,120.89314330372015,221.95006082466483,161.84077525302584
51,49.81017548329467,178.86516690566518,129.0549914223705,238.88934279540427,54.86256018099368,178.8149850669796,123.95242488598592,239.9847925184698,157.25900021293774
52,58.26792441387914,177.57077956695787,119.30285515307872,229.03966831596694,61.83557587403624,177.1988891610352,115.36331328699896,211.49997767467843,154.0404633917862
53,57.84948239643661,178.1569378690691,120.17871922666531,97.79896033259297,42.48947172829896,173.89699901870947,131.4075272904105,113.40745780218424,166.02799081747585
54,55.60455618118212,178.54388877830732,122.9393325971252,87.02390209146262,40.13314166470129,171.77841480858876,131.64527314388747,88.6660669682536,163.3015263016234
55,52.24772424404886,178.4074325694154,125.7893739397865,78.89536654854851,36.954529885455415,172.166294198592,135.2117643131366,96.77111321145068,162.80500489893637
56,49.528072068404654,179.26288623982896,129.68971807926027,61.0068318633368,47.92007838032121,179.02644737571046,131.10636899538926,60.77519289708469,161.35716254235928
57,49.56251245555239,179.10792054797173,129.54540809241934,62.768942092157054,47.614813725185726,178.42828067932908,130.81346695414334,61.72763125412953,160.108909579937
58,52.49220448582145,179.28175704750615,126.7895525616847,74.06691391198322,50.95606863525296,175.45572675827756,124.4996581230246,66.87381163272657,170.10613745663352
59,92.56836788723379,178.91728374434874,86.25816233247969,118.6205176467688,55.152395307462285,177.6488569455319,122.4964616380696,165.21676523501216,154.5389755939028
6,67.25205017145802,176.51284043330122,109.2607902618432,147.8327666055585,44.197117931612,173.8045667344063,129.6074488027943,156.36646267373678,170.76469791847353
60,93.24771041861705,176.86858205496887,83.62087163635182,121.23547914392982,52.76256265258732,174.29786270899467,121.53530005640735,161.60981865367785,154.6569903011497
61,86.08826753388998,178.87943503135858,92.15888496691719,117.49789730056774,55.63153075813685,176.40029637840712,120.76876562027027,161.048495530805,151.05929515724864
62,85.32698435874138,179.6132396849107,94.09125639885164,113.60884079602681,57.87578310662367,177.62206426086456,119.74628115424089,139.3119191845939,146.9760323883321
63,87.75761117927578,178.00214819234725,89.46243229722367,141.8503917208414,55.11731197957192,178.2504456186992,123.13313363912727,166.51892139742134,147.19567379896617
64,76.75580864980311,177.11343165631337,100.27325767841786,88.78240212366792,78.69218833985482,176.2850170319485,97.59282869209369,86.77633779318359,164.0475960522862
65,77.33989576467854,177.74935762650696,100.40946186182842,91.42621695704808,76.48848534460006,174.77278797107718,98.28430262647711,87.52824039551544,163.96938093189578
66,80.17466314740166,177.34415144323685,97.1694882958352,101.54331594050277,78.25339013925195,177.47641254084326,99.22302240159131,102.94661576086307,161.9554915654606
67,150.6392655999929,177.469083276076,26.795914206437516,71.30934588601663,154.55664187372014,178.43316339900738,23.876521525287245,61.94560061512222,164.04731373174093
67,89.66018371806737,150.99037454713414,61.330190829066765,110.05940880799284,99.61758414274627,154.62172771772777,55.0041435749815,105.26332814003007,165.863545103852
68,87.36362337453114,178.41738342896008,90.43656579700131,101.26920228793452,99.6904539011694,178.3766097835706,78.68615588240118,90.74825248259633,162.22487537385592
69,71.91021425497915,179.26566416557324,107.25386024495522,168.49720803759087,56.342630884197476,178.28828057112221,121.94564968692474,173.31091194274939,149.3772916955824
7,86.68201569941887,177.0737776206288,89.73712864633147,173.84717151748293,54.02309026103113,171.5529519747827,117.52986171375157,213.39845613189345,155.6692849773254
70,75.99773774085827,178.43972650530694,101.97337386934441,137.036244586184,60.08690427530682,176.78822721859308,116.70132294328626,178.1958930397554,152.2770949836424
71,66.27237079413308,178.14827734979482,111.3964451231524,147.78517378636545,52.877139459196755,179.2006687523139,126.32352929311715,181.07150740370636,150.02229397920178
72,76.07134599887296,177.30588613808982,101.23454013921686,201.0793805025404,63.07950239612347,178.59415669402586,115.51465429790238,201.51001009306944,145.80700701485313
73,81.47315937471983,177.06120536620972,95.58804599148989,194.7110098976533,64.55083730876926,176.98456820823156,112.4337308994623,211.8027317876191,147.2690602529565
74,85.01921406872944,176.39761722948853,90.29294882973628,149.5950488821521,49.764670720923434,171.16098801645808,121.39631729553464,186.322179887263,153.5464335828776
75,55.51070584426407,139.3408553811218,65.77670035286441,928.5545690640512,31.90974276939488,116.87810122119498,84.9683584518001,937.2583907126871,140.82933435379067
75,90.12639965175016,175.53819579477508,85.41179614302492,134.48870926256785,48.96839524489098,168.10823963766686,119.13984439277587,189.1189772246797,157.12851455931326
76,61.93608552128804,175.1230081456827,111.55043939203975,151.1149663480268,43.55497307344575,177.4827383816428,133.92776530819705,174.36232901237193,167.31422798929904
77,63.77435033291075,176.41464500284482,112.23116076732379,153.5596715708693,43.66470068613828,176.10440032968245,132.43969964354417,159.06529549369958,163.71575714650245
78,68.58396782911821,176.44087507911513,107.85690724999692,142.34059070427296,58.00719301567472,175.55293332737543,117.54574031170071,150.2635958998651,158.43253655592184
79,69.56535187958067,176.3197616917089,106.5922547771959,116.7072122337888,59.90755622708059,175.56624855444744,115.65869232736685,151.30829972036574,157.60738624785475
8,81.67303473415107,178.8326482740534,96.75269809719369,125.84948620170951,62.675086242535535,178.62788287446455,115.952796631929,174.14532931177564,156.0787832708218
80,67.01205471212283,176.20882819166766,109.19677347954483,131.54429193593884,57.90370108771643,175.39845787231366,117.49475678459723,143.65629016167378,159.18971028448013
81,66.76155577445678,179.33894313587683,112.47365794924859,128.48657149519286,62.01776437894537,179.22086758570188,117.20310320675651,121.71499192656161,164.37847682155683
82,81.83181419773379,179.30968533885851,97.32614698919794,101.92122015772334,74.66465960103656,179.5470779649031,104.88241836386655,105.04725877153712,162.31305773035146
83,77.12670347925601,177.53934251018507,100.23777247657443,103.15361554250713,71.35379418020683,178.11902848873726,106.76523430853042,123.88505749108178,163.10703589450065
84,94.04177334816251,178.28848541639707,84.17786589232159,151.45981922163836,63.538690052763016,164.40036751948315,100.86167746672014,142.25320406669024,153.0685819562724
85,93.72016244003797,178.38898273569623,84.66882029565826,143.798491870164,63.210585854723945,166.39422243481775,103.1836365800938,124.1733312752999,154.87396233985626
86,103.93523074656873,177.28565819177308,73.35042744520435,108.27710360843024,72.77843116335785,165.07562759106042,92.29719642770257,117.15389964595572,153.97187804832683
87,93.66006283696386,179.58505848800797,85.90125136844951,90.73065554676678,77.35595334378576,174.00180505057773,96.64585170679197,99.22037961734141,150.49921850687124
88,98.30334674153376,177.3160816616219,78.86626565755152,88.30726913642383,82.97496516153761,169.09939539126708,86.12443022972947,103.12792610054282,149.58895521480198
89,97.89984348439552,178.67151514296805,80.77167165857253,81.16177209261977,82.43909483893566,173.6646739062155,91.22557906727985,86.59411905207509,153.8374301183656
9,80.38112863603926,178.06515049444113,97.68402185840186,120.45083368518365,62.90063970533242,177.11447655676685,114.21383685143442,152.5075386340173,156.85369635357614
90,77.14503570068068,179.59019120928008,102.43768851443944,138.56345214498268,56.07984196347047,179.29693614045866,123.21709417698818,146.5427145716042,155.89352111654074
91,98.16324659180796,178.1758812774453,79.97086595492954,128.88165370088376,98.10335612479388,178.3462818137248,80.24292568893092,146.47979018765238,161.43337379349865
92,84.64596483143012,175.7681689499142,91.02639048976071,175.16218660065934,43.473031136621,169.6612744698721,126.1882433332511,268.7793283363567,169.3932851776522
93,84.47257234737648,175.73881451104657,91.09778387423032,165.63769664315433,41.78531664811758,173.7354575978622,131.95014094974462,231.74351848958585,168.86525514844487
94,84.70850874533622,175.23387673670413,90.52536799136792,186.05903467723488,43.32803857094361,166.32342548384244,122.99538691289882,228.98486380484596,166.89791228033422
95,87.27386159315176,178.54457280087067,91.0618258405992,162.4230968537654,56.94505435961551,177.06726801769966,120.12221365808415,155.80157886404916,162.7353545902267
96,80.08513821932131,177.78234343954716,96.02058279682159,100.28273730780775,52.149321757079946,178.8954298608548,126.74610810377484,143.19794311341556,165.5446766398793
97,85.70678089234771,177.7587055323436,91.65342903895409,136.43850127835668,57.355802408896764,179.29206356339253,121.93626115449577,139.69842882275222,165.74642456879894
98,74.78592360886891,179.32871232881965,103.84267400476146,132.70443233715585,52.41698020960138,176.15363100146996,123.73665079186858,154.61989060525173,150.0546348965147
99,69.25962291498432,179.23926495051498,109.97227441094184,150.05577947126358,49.09924733631384,179.6579201329991,130.55867279668524,170.29890610527363,153.52574099920747
